tree
version=v4
num_class=1
num_tree_per_iteration=1
label_index=0
max_feature_idx=6
objective=regression
feature_names=tilecount bpm twirl_count speed_change_count s_norm rt_score p_var
feature_infos=[0:35514] [24:777] [0:9046] [0:2146] [0:11792.19145490333] [0:53134734584.828896] [0:640.18568842372304]
tree_sizes=2599 2652 2665 2663 2662 2679 2669 2678 2697 2698 2683 2696 2697 2700 2697 2699 2700 2687 2719 2707 2702 2729 2701 2705 2700 2720 2713 2705 2718 2716 2725 2725 2721 2701 2714 2729 2714 2721 2733 2751 2730 2750 2749 2736 2720 2759 2714 2748 2729 2734 2726 2742 2731 2744 2720 2726 2756 2722 2719 2738 2743 2719 2716 2732 2726 2725 2747 2750 2746 2730 2742 2763 2734 2738 2736 2751 2721 2745 2728 2761 2733 2747 2722 2737 2757 2743 2720 2722 2719 2715 2731 2723 2728 2758 2756 2741 2754 2758 2772 2743

Tree=0
num_leaves=31
num_cat=0
split_feature=2 2 0 4 0 2 0 1 4 4 0 0 3 2 3 4 6 0 4 3 0 2 1 4 2 4 4 3 0 3
split_gain=259378 48899.7 43387.2 10548.3 8209.41 8135.79 6891.78 3707.65 3596.76 3297.58 3273.26 2642.15 1864.55 1837.44 1789.98 1644.01 1541.42 1174.04 1077.31 978.969 964.198 927.381 920.579 881.117 842.318 824.193 815.351 811.038 783.841 730.495
threshold=448.50000000000006 184.50000000000003 3361.0000000000005 796.40679678732829 763.00000000000011 638.50000000000011 1644.5000000000002 200.01000000000002 906.5167608425387 684.4468490162941 1248.0000000000002 5262.0000000000009 22.500000000000004 952.00000000000011 27.500000000000004 451.20753746003805 8.5177210462153656 1926.5000000000002 332.43324576599565 42.500000000000007 540.50000000000011 330.50000000000006 219.00000000000003 578.78714115456148 871.50000000000011 476.98724252326605 965.72868302601478 61.500000000000007 1169.5000000000002 103.50000000000001
decision_type=2 2 2 2 2 2 2 2 2 2 2 2 2 2 2 2 2 2 2 2 2 2 2 2 2 2 2 2 2 2
left_child=1 4 5 7 12 8 14 -4 16 13 23 -5 20 19 28 -8 22 -17 -12 -7 -1 25 -2 -6 -9 -16 -19 -10 -3 -21
right_child=2 6 3 11 10 9 15 24 27 -11 18 -13 -14 -15 21 17 -18 26 -20 29 -22 -23 -24 -25 -26 -27 -28 -29 -30 -31
leaf_value=18.948216955502538 20.55043062314807 19.772811569601853 21.497866506728073 22.67976190429593 19.533819315129406 20.951144902866414 20.451902487104103 21.877811560592384 21.2778115701717 22.180311554035871 19.959708119510186 23.347909587887141 19.43920611835469 21.960654692997103 20.071085688409173 20.704496966140081 21.16392267792887 21.030589345048089 20.807650277768452 21.647177760042137 19.243317881878482 20.495147341329556 20.977811567049553 20.222811572513312 22.630397756390138 20.474870400951342 21.752811557747616 22.026144892336259 20.130397786552145 21.124904589739355
leaf_weight=370 168 130 91 141 258 60 110 20 28 80 29 102 147 51 197 89 90 54 31 71 158 137 72 20 58 68 22 30 116 43
leaf_count=370 168 130 91 141 258 60 110 20 28 80 29 102 147 51 197 89 90 54 31 71 158 137 72 20 58 68 22 30 116 43
internal_value=20.5031 19.8054 21.7256 22.5382 19.3257 21.2424 20.3319 21.9315 20.9386 21.6289 19.728 22.9602 19.1242 21.4328 20.1539 20.7514 20.811 20.951 20.3978 21.2781 19.0365 20.2839 20.6786 19.5834 22.4374 20.1747 21.2397 21.6649 19.9414 21.4502
internal_weight=3041 1936 1105 412 1013 693 923 169 388 305 338 243 675 225 648 275 330 165 60 174 528 402 240 278 78 265 76 58 246 114
internal_count=3041 1936 1105 412 1013 693 923 169 388 305 338 243 675 225 648 275 330 165 60 174 528 402 240 278 78 265 76 58 246 114
is_linear=0
shrinkage=1


Tree=1
num_leaves=31
num_cat=0
split_feature=2 2 0 4 0 0 2 4 1 0 4 0 2 3 2 1 4 1 4 0 1 4 3 0 4 3 1 1 2 1
split_gain=210499 46195.3 28415.3 8550.04 7381.24 6679.56 4744.42 3375.61 3039.52 2946.45 2605.92 2147.57 1953.29 1575.57 1504.38 1289.29 1287.84 1137.12 1176.12 1013.82 962.393 915.732 893.339 870.966 852.839 803.064 743.485 721.047 682.277 623.013
threshold=490.50000000000006 184.50000000000003 3361.0000000000005 796.40679678732829 1752.5000000000002 709.00000000000011 719.00000000000011 852.31992994997836 200.01000000000002 1522.5000000000002 796.40679678732829 5476.5000000000009 316.50000000000006 18.500000000000004 90.500000000000014 194.12500000000003 428.78433143627529 230.50000000000003 707.31842485634343 2323.0000000000005 159.99450000000004 384.26875431602338 22.500000000000004 2724.5000000000005 515.69999733228963 7.5000000000000009 169.50000000000003 204.50000000000003 871.50000000000011 147.50000000000003
decision_type=2 2 2 2 2 2 2 2 2 2 2 2 2 2 2 2 2 2 2 2 2 2 2 2 2 2 2 2 2 2
left_child=1 5 6 8 12 14 7 15 29 21 24 27 16 -8 -1 20 25 18 23 -9 -2 -7 -17 26 -6 -3 -15 -5 -10 -4
right_child=2 4 3 11 10 9 13 19 28 -11 -12 -13 -14 17 -16 22 -18 -19 -20 -21 -22 -23 -24 -25 -26 -27 -28 -29 -30 -31
leaf_value=-1.345533940301368 0.47362292489489993 -1.0381343028611607 1.3802133911848069 1.7137394628217146 0.036344972738753194 -0.90193722509824392 0.29887106120586399 0.65761726582050328 1.2372188532352448 0.20542573005922382 0.96849786897875223 2.5831037501284952 -0.083056610326734059 1.5489652497612914 -0.983727597242949 0.066448682785034172 -0.14095435989226482 1.5855090867300503 1.6212545905794418 1.4518608410490885 -0.013188924690087638 -0.52163958278406097 0.72127882570624358 0.44971292643777788 0.44835746318007574 -0.46725029346156632 0.82495115028845312 2.162211175806382 1.9145464272848494 0.74735622371946064
leaf_weight=481 74 27 20 62 138 267 20 25 20 31 53 95 326 23 151 25 129 61 28 45 90 83 125 31 79 282 37 85 58 70
leaf_count=481 74 27 20 62 138 267 20 25 20 31 53 95 326 23 151 25 129 61 28 45 90 83 125 31 79 282 37 85 58 70
internal_value=-1.7911e-09 -0.579764 1.19394 1.83205 -0.109562 -1.05971 0.745951 0.540251 1.28397 -0.72899 0.339875 2.21254 -0.268395 1.1409 -1.25909 0.400262 -0.406341 1.23445 1.0545 1.1682 0.20647 -0.811752 0.61214 0.880115 0.18634 -0.517133 1.10249 1.97306 1.74087 0.887991
internal_weight=3041 2047 994 410 1034 1013 584 384 168 381 270 242 764 200 632 314 438 180 119 70 164 350 150 91 217 309 60 147 78 90
internal_count=3041 2047 994 410 1034 1013 584 384 168 381 270 242 764 200 632 314 438 180 119 70 164 350 150 91 217 309 60 147 78 90
is_linear=0
shrinkage=0.1


Tree=2
num_leaves=31
num_cat=0
split_feature=2 0 2 4 2 0 0 4 1 4 0 3 4 3 2 4 0 3 0 0 0 3 1 5 2 6 1 1 0 1
split_gain=171164 33352.2 27248.2 7034.63 6859.38 5177.72 3332.46 3106.03 2526.82 2244.24 2179.82 1771.38 1377.82 1326.85 1293.05 1285.16 1233.8 1012.98 1004.33 958.582 879.233 871.594 773.244 1134.41 664.856 624.033 610.184 582.227 577.017 574.727
threshold=408.50000000000006 3361.0000000000005 146.50000000000003 684.4468490162941 638.50000000000011 1338.5000000000002 693.50000000000011 906.5167608425387 191.20300000000003 684.4468490162941 5476.5000000000009 14.500000000000002 442.67393870720224 25.500000000000004 952.00000000000011 102.79134396853148 1496.0000000000002 22.500000000000004 1083.5000000000002 2594.0000000000005 1926.5000000000002 61.500000000000007 200.01000000000002 23137166.208665106 1104.0000000000002 4.9289673151357727 209.50000000000003 194.12500000000003 4608.0000000000009 197.68500000000003
decision_type=2 2 2 2 2 2 2 2 2 2 2 2 2 2 2 2 2 2 2 2 2 2 2 2 2 2 2 2 2 2
left_child=2 4 6 8 7 11 17 13 28 14 27 -4 -7 -2 22 -13 -8 -1 -17 26 29 -9 -6 -24 -10 -11 -15 -5 -3 -14
right_child=1 3 5 10 9 12 16 21 24 25 -12 15 20 19 -16 18 -18 -19 -20 -21 -22 -23 23 -25 -26 -27 -28 -29 -30 -31
leaf_value=-1.2287841410606974 -0.16637276620478245 0.44813132590717741 -0.78418066898160732 1.4760729880908789 0.43461086230430129 -0.18146018197082661 -0.80285693053889473 0.59208875470089184 1.1923815488602434 0.93140306453342037 2.3187956180572509 -0.09905632914624353 -0.11559371874443716 0.13225805190738274 1.19721212673421 -0.65330151333504882 -0.0052990722514334176 -0.88902000644830648 -0.29463159958831969 0.70010984789799247 0.54041851260445328 1.3188890612486637 0.5404198108807855 1.3157346557825804 1.8003696560859681 1.5484915739611576 0.42547464964014514 1.8660703422826366 1.0263210799012865 0.26013228377726461
leaf_weight=468 74 45 121 59 96 176 254 33 35 23 100 138 79 207 51 149 21 108 164 51 55 33 46 32 37 57 108 109 28 84
leaf_count=468 74 45 121 59 96 176 254 33 35 23 100 138 79 207 51 149 21 108 164 51 55 33 46 32 37 57 108 109 28 84
internal_value=5.04899e-09 0.91408 -0.615759 1.64557 0.541572 -0.25229 -1.02835 0.315781 1.08448 0.916163 1.94914 -0.444436 0.026663 0.219824 0.754415 -0.353284 -0.741953 -1.16508 -0.465372 0.297908 0.194689 0.955489 0.624629 0.858498 1.50482 1.37108 0.232789 1.72911 0.669903 0.078032
internal_weight=3041 1224 1817 413 811 966 851 506 145 305 268 572 394 440 225 451 275 576 313 366 218 66 174 78 72 80 315 168 73 163
internal_count=3041 1224 1817 413 811 966 851 506 145 305 268 572 394 440 225 451 275 576 313 366 218 66 174 78 72 80 315 168 73 163
is_linear=0
shrinkage=0.1


Tree=3
num_leaves=31
num_cat=0
split_feature=2 0 2 4 2 0 0 4 1 4 0 3 4 3 1 4 0 4 3 6 6 0 0 3 5 4 3 1 1 0
split_gain=138642 27015.3 22071 5796.55 5556.1 4193.96 2699.29 2515.89 2000.44 1817.84 1470.08 1437.32 1116.04 1074.75 1063.22 1048.44 1027.46 941.311 851.585 823.23 856.347 776.451 712.179 705.991 587.057 1052.9 579.529 563.122 549.532 516.503
threshold=408.50000000000006 3361.0000000000005 146.50000000000003 796.40679678732829 638.50000000000011 1338.5000000000002 693.50000000000011 906.5167608425387 200.01000000000002 684.4468490162941 6194.0000000000009 15.500000000000002 442.67393870720224 25.500000000000004 210.01000000000002 102.79134396853148 1248.0000000000002 283.22808409181567 8.5000000000000018 1.5808585656029195 5.0343505296487594 2594.0000000000005 1926.5000000000002 61.500000000000007 87694252.309690207 600.91428328468203 37.500000000000007 160.06500000000003 220.50000000000003 950.50000000000011
decision_type=2 2 2 2 2 2 2 2 2 2 2 2 2 2 2 2 2 2 2 2 2 2 2 2 2 2 2 2 2 2
left_child=2 4 6 8 7 11 18 13 24 14 -5 -4 -7 -2 19 28 -8 29 -1 -6 -21 -15 -14 -9 25 -3 -16 -22 -13 -17
right_child=1 3 5 10 9 12 16 23 -10 -11 -12 15 22 21 26 17 -18 -19 -20 20 27 -23 -24 -25 -26 -27 -28 -29 -30 -31
leaf_value=-1.1676545592392384 -0.14973549069585027 0.33871140748846768 -0.68798758192618092 1.6566423905862344 0.81713881790637977 -0.16331416718153791 -0.7415721045589696 0.53287986625324602 1.4056531779277019 1.233970790207386 2.2336397631415004 -0.19129256134231887 0.070228754244516231 0.20951050910684799 0.54498077088168695 -0.9442448531326495 -0.16159844800829889 -0.27938745347191651 -0.92441906585549638 -0.19198146080970765 0.93716933846473693 0.63009888354469756 0.48637665898623794 1.1870001529054153 1.1817243014063155 1.194806140959263 1.084392037253449 0.27199789515563422 0.28787819118269031 -0.49271122026747388
leaf_weight=294 74 51 133 185 48 176 240 33 78 80 58 105 163 315 28 38 35 189 282 25 20 51 55 33 21 20 69 35 31 76
leaf_count=294 74 51 133 185 48 176 240 33 78 80 58 105 163 315 28 38 35 189 282 25 20 51 55 33 21 20 69 35 31 76
internal_value=2.30671e-09 0.822672 -0.554183 1.48101 0.487414 -0.227061 -0.925511 0.284203 1.0331 0.824546 1.79436 -0.399992 0.0239967 0.197842 0.678973 -0.312741 -0.667757 -0.416276 -1.04857 0.489738 0.293297 0.268117 0.17522 0.85994 0.717246 0.579865 0.928686 0.513878 -0.0820698 -0.643222
internal_weight=3041 1224 1817 413 811 966 851 506 170 305 243 572 394 440 225 439 275 303 576 128 80 366 218 66 92 71 97 55 136 114
internal_count=3041 1224 1817 413 811 966 851 506 170 305 243 572 394 440 225 439 275 303 576 128 80 366 218 66 92 71 97 55 136 114
is_linear=0
shrinkage=0.1


Tree=4
num_leaves=31
num_cat=0
split_feature=2 2 0 0 0 4 4 2 4 3 0 3 4 1 3 1 3 3 1 1 1 0 5 0 0 1 1 4 2 0
split_gain=112451 24636.8 15116.1 4162.33 4114.19 3732.3 3079.42 2083.13 1615.64 1571.86 1494.08 1476.58 1370.21 1312.74 1280.8 1037.68 1002.65 905.899 934.819 750.034 752.076 721.819 658.231 698.013 626.608 768.238 616.719 607.196 600.27 592.542
threshold=490.50000000000006 187.50000000000003 3495.0000000000005 950.50000000000011 1752.5000000000002 662.63190029626537 684.4468490162941 719.00000000000011 796.40679678732829 9.5000000000000018 4836.5000000000009 52.500000000000007 600.91428328468203 200.01000000000002 27.500000000000004 204.50000000000003 149.50000000000003 21.500000000000004 232.50000000000003 194.12500000000003 154.50000000000003 2850.5000000000005 21826930.050383493 1263.5000000000002 2724.5000000000005 169.50000000000003 221.27000000000001 1105.4880878228685 79.000000000000014 2345.5000000000005
decision_type=2 2 2 2 2 2 2 2 2 2 2 2 2 2 2 2 2 2 2 2 2 2 2 2 2 2 2 2 2 2
left_child=1 3 6 9 14 13 7 19 -6 -1 15 29 -5 -4 -3 27 -16 -9 24 20 -2 26 23 -21 25 -19 -13 -7 -11 -8
right_child=2 4 5 12 8 10 11 17 -10 28 -12 21 -14 -15 16 -17 -18 18 -20 22 -22 -23 -24 -25 -26 -27 -28 -29 -30 -31
leaf_value=-1.0174628920012259 0.38026730626348471 -0.37040741529145599 0.62248516180411428 -0.4636703698186293 0.13763676197847463 0.66222977592394905 0.072746149361843163 0.10452180873780025 0.75350343418694188 -0.85900143464857881 1.8310513088721354 0.59904286712408072 0.29192287581307547 1.2716365381822747 -0.037509795780037991 1.5991965125745802 -0.43990795008123734 1.360861486196518 1.2109155650909356 0.58826598712376188 -0.072325633906505329 1.3760438535234023 0.70316073245235855 -0.01012489241971211 0.35545538793816123 0.59516770753421289 1.2327975630627148 1.3524584131240847 -0.6274573816836142 0.76533306871851292
leaf_weight=381 63 271 66 168 217 26 21 21 53 220 131 34 28 59 408 67 73 20 41 35 88 58 56 44 43 38 28 25 228 30
leaf_count=381 63 271 66 168 217 26 21 21 53 220 131 34 28 59 408 67 73 20 41 35 88 58 56 44 43 38 28 25 228 30
internal_value=1.19082e-09 -0.423748 0.872647 -0.770163 -0.0763159 1.37474 0.56977 0.432235 0.258529 -0.868147 1.59857 0.930901 -0.355728 0.928885 -0.196539 1.34047 -0.0985806 0.71755 0.808209 0.269626 0.116505 1.12247 0.440895 0.254985 0.644734 0.8592 0.885255 1.00058 -0.741162 0.48015
internal_weight=3041 2047 994 1025 1022 374 620 449 270 829 249 171 196 125 752 118 481 163 142 286 151 120 135 79 101 58 62 51 448 51
internal_count=3041 2047 994 1025 1022 374 620 449 270 829 249 171 196 125 752 118 481 163 142 286 151 120 135 79 101 58 62 51 448 51
is_linear=0
shrinkage=0.1


Tree=5
num_leaves=31
num_cat=0
split_feature=2 2 2 0 4 4 4 0 1 2 2 3 3 4 2 0 6 1 2 4 5 3 1 3 3 3 5 0 3 1
split_gain=91486.6 17728.8 14486.7 4877.32 4806.32 2998.59 1862.33 1839.51 1538.22 1468.18 1308.82 1037.32 973.637 841.114 786.055 773.937 726.656 724.794 709.537 708.7 817.482 663.781 627.894 554.434 513.204 714.327 494.308 490.53 453.697 506.125
threshold=408.50000000000006 825.00000000000011 146.50000000000003 2594.0000000000005 691.6039406833678 442.67393870720224 493.60850788665681 693.50000000000011 202.50000000000003 261.50000000000006 1194.5000000000002 101.50000000000001 44.500000000000007 356.49574298190345 529.50000000000011 1522.5000000000002 5.5976849815920531 181.12500000000003 39.500000000000007 1086.18076679419 20752314.223390732 56.500000000000007 163.75000000000003 22.500000000000004 210.50000000000003 51.500000000000007 16014344.618312811 1169.5000000000002 38.500000000000007 190.02000000000001
decision_type=2 2 2 2 2 2 2 2 2 2 2 2 2 2 2 2 2 2 2 2 2 2 2 2 2 2 2 2 2 2
left_child=2 3 7 8 10 9 17 18 24 23 21 -6 -10 -9 -14 -7 -8 -5 -1 20 -18 -3 -12 -4 25 -2 -16 -15 29 -17
right_child=1 4 5 6 11 15 16 13 12 -11 22 -13 14 27 26 28 19 -19 -20 -21 -22 -23 -24 -25 -26 -27 -28 -29 -30 -31
leaf_value=-0.96320576688410098 -0.040232739962969617 0.28717639320775085 -0.61940148223008284 0.030742064565420155 1.1906308696764272 -0.090995698991163776 0.37883400862867184 -0.63749295540798745 0.15670926999512383 -0.14821913573260029 0.72549660503864288 1.6294639538807474 0.30620930584376321 -0.40659627264484444 0.50924234548301406 -0.36585484516361488 0.37510057325874058 0.68097029646237695 -0.74122832548716966 1.2780887662433089 1.0094729552397856 0.77815215867757803 1.4012557235631078 -0.35445436943555253 -0.39639717096632182 0.27410228104511303 1.026429478504828 0.18470163375139237 0.34626014295078461 0.25327404449062962
leaf_weight=289 157 38 122 40 82 151 22 208 88 310 20 157 57 47 33 23 28 30 287 56 74 100 44 224 22 134 42 20 105 31
leaf_count=289 157 38 122 40 82 151 22 208 88 310 20 157 57 47 33 23 28 30 287 56 74 100 44 224 22 134 42 20 105 31
internal_value=-2.17636e-09 0.668278 -0.450177 0.382659 1.1754 -0.185154 0.74708 -0.751015 0.211729 -0.306269 0.816302 1.4789 0.414361 -0.538235 0.586129 0.0711413 0.917284 0.309411 -0.852602 0.992258 0.835332 0.642956 1.19008 -0.447875 0.0693049 0.104513 0.798867 -0.230089 0.22512 -0.010429
internal_weight=3041 1224 1817 783 441 966 250 851 533 656 202 239 220 275 132 310 180 70 576 158 102 138 64 346 313 291 75 67 159 54
internal_count=3041 1224 1817 783 441 966 250 851 533 656 202 239 220 275 132 310 180 70 576 158 102 138 64 346 313 291 75 67 159 54
is_linear=0
shrinkage=0.1


Tree=6
num_leaves=31
num_cat=0
split_feature=2 2 2 4 4 4 3 3 0 2 0 2 0 4 0 3 4 0 5 1 3 1 2 1 0 0 1 3 1 3
split_gain=74115.5 14549.7 11548.5 4113.57 3893.12 2500.21 1807.57 1596.13 1343.65 1133.62 1120.41 1060.15 980.534 939.592 907.469 867.423 766.26 739.82 703.827 880.987 671.882 639.598 620.54 552.486 583.98 603.504 512.684 411.139 382.545 352.118
threshold=405.50000000000006 825.00000000000011 146.50000000000003 897.58828951389285 691.6039406833678 442.67393870720224 30.500000000000004 22.500000000000004 2594.0000000000005 306.50000000000006 2903.5000000000005 1194.5000000000002 540.50000000000011 342.59561420564967 6194.0000000000009 205.50000000000003 436.07874961192857 1926.5000000000002 22056561.652938195 187.25000000000003 15.500000000000002 219.00000000000003 638.50000000000011 232.50000000000003 2747.5000000000005 3685.5000000000005 191.20300000000003 76.500000000000014 147.50000000000003 101.50000000000001
decision_type=2 2 2 2 2 2 2 2 2 2 2 2 2 2 2 2 2 2 2 2 2 2 2 2 2 2 2 2 2 2
left_child=2 3 7 6 11 9 -2 12 15 20 21 23 -1 -10 29 22 -9 -7 -15 -20 -4 -5 -8 24 -3 -26 -13 -24 -22 -6
right_child=1 4 5 10 14 17 8 16 13 -11 -12 26 -14 18 -16 -17 -18 -19 19 -21 28 -23 27 -25 25 -27 -28 -29 -30 -31
leaf_value=-0.86701261420012199 -0.084449661898312822 0.79342743077061395 -0.58522565746092592 0.3024876353832392 1.0585975782611432 -0.0052286272971179548 0.20516112474896483 -0.51846199081117783 0.078181621432304393 -0.090924570621606318 1.173302360009729 0.7289045749948575 -0.61430886945583763 0.2682046809366771 1.6675760078430177 -0.25390217459095377 0.032285249670004026 0.40552111358012799 0.50262841124360158 1.1338287935902676 -0.47445398487437229 0.85577975047959221 0.33934296437672207 0.891847546696663 -0.073377792457384725 0.54196481885942249 1.3051880925893784 0.87030832433700567 -0.2329659016905947 1.3414519786834718
leaf_weight=356 139 33 111 39 78 254 271 196 30 212 57 26 270 28 60 35 29 53 41 48 91 45 35 40 28 37 38 25 235 101
leaf_count=356 139 33 111 39 78 254 271 196 30 212 57 26 270 28 60 35 29 53 41 48 91 45 35 40 28 37 38 25 235 101
internal_value=2.70298e-09 0.597404 -0.407967 0.341337 1.05786 -0.16945 0.235422 -0.675913 0.322093 -0.280675 0.831102 0.734672 -0.758019 0.577461 1.33101 0.219527 -0.447477 0.0656826 0.705481 0.843051 -0.372728 0.598894 0.269587 0.57866 0.450829 0.276894 1.07107 0.560579 -0.300375 1.2182
internal_weight=3041 1234 1807 793 441 956 652 851 513 649 141 202 626 147 239 366 225 307 117 89 437 84 331 138 98 65 64 60 326 179
internal_count=3041 1234 1807 793 441 956 652 851 513 649 141 202 626 147 239 366 225 307 117 89 437 84 331 138 98 65 64 60 326 179
is_linear=0
shrinkage=0.1


Tree=7
num_leaves=31
num_cat=0
split_feature=2 2 4 2 0 0 0 3 1 1 3 0 5 4 1 3 0 3 4 1 0 2 0 4 5 2 1 4 3 1
split_gain=60105.5 13121.8 8035.61 3474.47 2583.94 2369.54 1864.52 1585.4 1140.34 1107.37 1017.04 978.434 953.207 908.086 901.261 819.899 818.013 808.045 780.438 548.906 505.369 570.884 500.039 494.311 454.707 404.419 382.462 376.69 365.569 365.104
threshold=490.50000000000006 187.50000000000003 897.58828951389285 890.50000000000011 1053.5000000000002 1752.5000000000002 2850.5000000000005 22.500000000000004 199.50000000000003 202.50000000000003 13.500000000000002 2345.5000000000005 20991987.823936727 648.18542658648755 200.01000000000002 30.500000000000004 6194.0000000000009 149.50000000000003 493.60850788665681 155.00500000000002 2747.5000000000005 1368.0000000000002 2179.5000000000005 276.05848591535045 25335003.397466246 1104.0000000000002 216.50000000000003 1620.6673986900321 78.500000000000014 194.12500000000003
decision_type=2 2 2 2 2 2 2 2 2 2 2 2 2 2 2 2 2 2 2 2 2 2 2 2 2 2 2 2 2 2
left_child=1 4 3 7 10 15 -4 -2 24 18 23 -10 22 -6 20 -3 26 29 -9 -20 -5 -22 28 -1 -7 -16 27 -8 -11 -17
right_child=2 5 6 14 13 8 16 9 11 12 -12 -13 -14 -15 25 17 -18 -19 19 -21 21 -23 -24 -25 -26 -27 -28 -29 -30 -31
leaf_value=-0.78264014371839408 -0.15156886813077908 -0.27354395945489507 0.59327700499778813 1.0085347648177829 -0.26654386197318553 -0.25279395248650055 0.79076959079709552 0.10753558808937669 0.29429556962568315 0.1540156174273718 -0.50713663041955781 1.0343700605890025 0.78489456673463187 0.46170936733484269 0.72765995078795676 -0.086727117404132803 1.5364975852786371 -0.36525304016389259 0.89867004674413931 0.32908987179398541 0.27187509199358384 0.85973769128322608 -0.096367459947412665 -0.55375773714622489 0.13060146242025353 1.1374327767586363 1.2212235286258735 1.2373996768678939 0.698016028602918 0.11333159083184206
leaf_weight=359 67 306 67 21 119 41 58 160 80 21 399 23 93 20 37 214 53 73 23 64 53 24 22 128 126 69 104 28 30 159
leaf_count=359 67 306 67 21 119 41 58 160 80 21 399 23 93 20 37 214 53 73 23 64 53 24 22 128 126 69 104 28 30 159
internal_value=-7.17373e-10 -0.309801 0.637991 0.446579 -0.562615 -0.056245 1.06033 0.299649 0.197872 0.372849 -0.625504 0.459555 0.57259 -0.161759 0.792297 -0.147484 1.18911 -0.0609941 0.238611 0.479669 0.573697 0.455105 0.30212 -0.722482 0.0364744 0.994399 1.09221 0.936184 0.474016 -0.0014474
internal_weight=3041 2047 994 684 1025 1022 310 480 270 413 886 103 166 139 204 752 243 446 247 87 98 77 73 487 167 106 190 86 51 373
internal_count=3041 2047 994 684 1025 1022 310 480 270 413 886 103 166 139 204 752 243 446 247 87 98 77 73 487 167 106 190 86 51 373
is_linear=0
shrinkage=0.1


Tree=8
num_leaves=31
num_cat=0
split_feature=2 0 0 4 2 3 1 4 6 0 2 0 4 4 3 0 5 4 5 1 1 1 2 4 1 0 3 2 1 5
split_gain=48785.2 13246.5 5842.08 3503.09 2219.09 1932.48 1779.58 1035.04 1140.15 1009.99 860.419 852.377 816.273 794.077 580.786 566.667 558.78 520.852 762.824 672.33 518.511 663.633 514.454 503.377 490.855 455.48 453.648 437.578 417.609 399.07
threshold=335.50000000000006 2850.5000000000005 1131.0000000000002 634.67359514899272 638.50000000000011 22.500000000000004 191.20300000000003 451.20753746003805 13.611917626858695 4836.5000000000009 1039.0000000000002 123.00000000000001 270.92322204713099 349.9532672301691 37.500000000000007 4608.0000000000009 20991987.823936727 144.58074876400727 14561175.265325764 232.50000000000003 221.27000000000001 252.42750000000004 79.000000000000014 283.22808409181567 204.50000000000003 1940.0000000000002 108.50000000000001 420.50000000000006 329.00000000000006 126763551.54603939
decision_type=2 2 2 2 2 2 2 2 2 2 2 2 2 2 2 2 2 2 2 2 2 2 2 2 2 2 2 2 2 2
left_child=2 4 5 6 7 12 15 17 20 24 14 22 -1 -4 -6 -3 -8 19 -19 -2 -9 -22 -7 -13 29 -15 -20 -10 -26 -5
right_child=1 3 13 9 10 11 16 8 27 -11 -12 23 -14 25 -16 -17 -18 18 26 -21 21 -23 -24 -25 28 -27 -28 -29 -30 -31
leaf_value=-0.67449773951602277 0.044652602082637494 0.045498947140115958 -0.22829730174190171 0.57683905932448198 0.093482965924682068 -0.58267126083374021 0.33199261335486718 0.026160248769800876 0.37418466244752591 1.2031810849473097 0.96548542747894928 -0.55730351514664267 -0.4453489916935463 0.0064730180971074901 0.49789593292097023 0.59259696674346929 0.90513735405604057 -0.4746488939884097 0.03843633091634082 0.59612361983465101 0.71089767249145863 0.13643855252226844 -0.029715017670378936 -0.29465382441200993 1.089974625670648 0.4581203896999359 -0.40638255385252142 0.88217955986658747 0.59525006158011295 1.0537425435107688
leaf_weight=508 122 78 172 74 49 20 22 158 39 138 30 149 224 209 129 25 75 43 194 27 30 61 106 143 91 25 26 30 21 23
leaf_count=508 122 78 172 74 49 20 22 158 39 138 30 149 224 209 129 25 75 43 194 27 30 61 106 143 91 25 26 30 21 23
internal_value=2.87176e-10 0.409994 -0.391286 0.801101 0.181918 -0.506417 0.467765 0.0998155 0.235351 0.993225 0.470066 -0.334873 -0.604376 -0.0651755 0.386569 0.17829 0.775146 -0.00479671 -0.0894266 0.144584 0.135675 0.325821 -0.117486 -0.428677 0.854594 0.0547259 -0.0141332 0.595052 0.997214 0.689919
internal_weight=3041 1485 1556 547 938 1150 200 730 318 347 208 418 732 406 178 103 97 412 263 149 249 91 126 292 209 234 220 69 112 97
internal_count=3041 1485 1556 547 938 1150 200 730 318 347 208 418 732 406 178 103 97 412 263 149 249 91 126 292 209 234 220 69 112 97
is_linear=0
shrinkage=0.1


Tree=9
num_leaves=31
num_cat=0
split_feature=2 2 4 2 4 3 3 2 0 0 1 5 1 0 2 0 1 1 4 3 0 4 3 3 3 3 1 3 0 2
split_gain=39586.3 8724.47 5437.08 2340.4 2285.23 1365.19 1147.42 1129.77 963.182 912.707 736.743 667.581 626.917 554.092 553.564 519.618 497.411 548.425 495.045 483.05 454.831 440.537 437.115 538.526 437.469 428.681 422.368 419.871 399.808 395.484
threshold=490.50000000000006 146.50000000000003 897.58828951389285 890.50000000000011 522.36926137160674 89.500000000000014 22.500000000000004 261.50000000000006 603.50000000000011 2705.5000000000005 202.50000000000003 20991987.823936727 212.50000000000003 1131.0000000000002 737.50000000000011 1496.0000000000002 154.50000000000003 127.43000000000002 1182.4089187968125 59.500000000000007 6051.5000000000009 557.79992774652828 14.500000000000002 169.50000000000003 60.500000000000007 164.50000000000003 179.47150000000002 23.500000000000004 2179.5000000000005 321.50000000000006
decision_type=2 2 2 2 2 2 2 2 2 2 2 2 2 2 2 2 2 2 2 2 2 2 2 2 2 2 2 2 2 2
left_child=1 8 3 6 7 -4 -2 13 19 18 14 28 -5 -3 16 -10 17 -8 22 -1 -7 -18 -6 24 26 27 -24 -9 -12 -28
right_child=2 4 5 12 9 20 10 25 15 -11 11 -13 -14 -15 -16 -17 21 -19 -20 -21 -22 -23 23 -25 -26 -27 29 -29 -30 -31
leaf_value=-0.61035165370396494 -0.14414220222119076 -0.37141268221726675 0.61326107650291262 0.48039429329950878 -0.32140929790643546 0.94199379068432432 -0.0077589200188716255 -0.18302771989682706 -0.39900585037936098 0.75266646561988937 0.39227341386471309 0.64258776752538582 0.83182931903161494 -0.11675920301931911 0.475521496379817 0.11419622954868136 -0.11541161310413611 0.61659045359667619 0.52519345077184532 -0.2145806254762592 1.2936178217915928 0.27231896408768591 -0.20428372670601058 -0.30729126058242939 0.37431079069262041 -0.35453458031018581 -0.072148194050209391 0.028211855976201013 -0.11775090531869369 0.3573588130468468
leaf_weight=471 67 257 127 109 26 132 24 131 326 24 51 93 95 128 54 21 92 34 26 33 51 43 41 27 68 45 36 334 22 53
leaf_count=471 67 257 127 109 26 132 24 131 326 24 51 93 95 128 54 21 92 34 26 33 51 43 41 27 68 45 36 334 22 53
internal_value=-3.60003e-10 -0.251419 0.517762 0.360312 -0.0772746 0.865167 0.239722 -0.157437 -0.496163 0.161082 0.301995 0.464916 0.644053 -0.286749 0.192501 -0.367948 0.113315 0.358239 0.109826 -0.584438 1.03999 0.00808776 0.0667995 0.111659 0.168789 -0.0598195 0.061285 -0.0312986 0.238567 0.183626
internal_weight=3041 2047 994 684 1196 310 480 895 851 301 413 166 204 385 247 347 193 58 277 504 183 135 251 225 198 510 130 465 73 89
internal_count=3041 2047 994 684 1196 310 480 895 851 301 413 166 204 385 247 347 193 58 277 504 183 135 251 225 198 510 130 465 73 89
is_linear=0
shrinkage=0.1


Tree=10
num_leaves=31
num_cat=0
split_feature=2 0 0 4 3 2 2 4 1 3 3 4 0 1 4 5 3 1 4 2 4 0 4 5 3 0 3 3 6 2
split_gain=32178.9 7539.61 4481.32 2456.55 1658.8 1382.47 1315.33 1012.61 1000.35 1000.01 1000.74 906.163 900.801 855.141 587.573 519.525 508.782 496.745 487.774 452.313 436.193 430.68 406.23 402.445 389.644 349.658 348.919 310.44 303.915 298.931
threshold=370.50000000000006 2850.5000000000005 1131.0000000000002 322.86213006925345 22.500000000000004 825.00000000000011 1385.5000000000002 1218.5100009041746 191.20300000000003 35.500000000000007 299.50000000000006 634.67359514899272 123.00000000000001 226.75000000000003 282.44383073653847 19715406.987728108 113.50000000000001 220.50000000000003 659.34582714207249 621.50000000000011 283.22808409181567 726.00000000000011 1030.6736817787285 18094614.356703088 63.500000000000007 1926.5000000000002 96.500000000000014 66.500000000000014 11.228233177927761 498.50000000000006
decision_type=2 2 2 2 2 2 2 2 2 2 2 2 2 2 2 2 2 2 2 2 2 2 2 2 2 2 2 2 2 2
left_child=2 5 4 26 14 9 8 20 11 -2 13 -5 17 29 -1 22 23 -6 19 -15 -4 -14 -10 -7 -13 -22 -3 -20 -8 -11
right_child=1 3 7 6 12 16 28 -9 15 10 -12 24 21 18 -16 -17 -18 -19 27 -21 25 -23 -24 -25 -26 -27 -28 -29 -30 -31
leaf_value=-0.54484020816945589 -0.052646938247889422 0.22306936816735701 -0.22563951907144794 0.077662698255509754 -0.12683895073282803 0.19254101659312395 0.84387994351295326 0.63648611931573784 0.23505191854361832 0.055334896938658729 -0.40104340979686148 0.21056799948215488 -0.53965243413505781 0.18579140534003577 -0.34430309715564944 0.8419804617752219 0.98082821585915314 0.36178976112604144 0.47967461148897811 0.69270994677005904 -0.05081251061256653 -0.27076484289837416 0.8125655049369449 0.75253527079309734 0.70531669021225896 0.25647078681559793 -0.29106323813850227 0.98098144417717359 1.1729197959430884 0.2434507665854489
leaf_weight=535 217 33 135 49 124 33 52 21 29 172 26 20 83 75 201 180 22 25 30 23 313 211 21 21 78 42 22 21 61 166
leaf_count=535 217 33 135 49 124 33 52 21 29 172 26 20 83 75 201 180 22 25 30 23 313 211 21 21 78 42 22 21 61 166
internal_value=3.42095e-10 0.363825 -0.290845 0.651112 -0.398049 0.169568 0.722241 -0.0434984 0.632542 0.12731 0.203432 0.428786 -0.24516 0.235704 -0.490074 0.762769 0.575465 -0.0448543 0.435285 0.304762 -0.0726406 -0.346675 0.477608 0.410317 0.604348 -0.0144579 0.0174163 0.686095 1.0215 0.147723
internal_weight=3041 1351 1690 545 1179 806 490 511 377 730 513 147 443 487 736 230 76 149 149 98 490 294 50 54 98 355 55 51 113 338
internal_count=3041 1351 1690 545 1179 806 490 511 377 730 513 147 443 487 736 230 76 149 149 98 490 294 50 54 98 355 55 51 113 338
is_linear=0
shrinkage=0.1


Tree=11
num_leaves=31
num_cat=0
split_feature=2 0 0 4 2 2 4 1 1 6 4 0 4 3 2 3 3 4 5 3 4 1 4 1 3 0 1 1 1 1
split_gain=26139.6 7452.67 2725.07 2052.02 1302.64 1152.35 989.333 766.629 749.04 735.649 579.617 536.743 618.593 530.36 562.114 523.204 514.251 433.222 432.149 405.649 370.641 370.627 368.802 361.924 334.164 429.97 327.779 320.947 461.662 316.807
threshold=321.50000000000006 2850.5000000000005 1131.0000000000002 796.40679678732829 638.50000000000011 79.000000000000014 292.95150885935772 194.12500000000003 191.20300000000003 13.611917626858695 669.0372475803091 171.00000000000003 276.05848591535045 21.500000000000004 1039.0000000000002 70.500000000000014 22.500000000000004 1182.4089187968125 49185671.000201605 12.500000000000002 1441.9520619897473 267.50000000000006 634.67359514899272 209.50000000000003 146.50000000000003 3760.5000000000005 126.53125000000001 157.75000000000003 128.00500000000002 226.75000000000003
decision_type=2 2 2 2 2 2 2 2 2 2 2 2 2 2 2 2 2 2 2 2 2 2 2 2 2 2 2 2 2 2
left_child=2 4 5 6 7 26 -3 18 22 17 -4 16 -13 -6 29 -5 -7 19 -2 -9 23 -10 24 -17 25 -8 -1 28 -20 -15
right_child=1 3 10 15 13 11 8 9 21 -11 -12 12 -14 14 -16 20 -18 -19 27 -21 -22 -23 -24 -25 -26 -27 -28 -29 -30 -31
leaf_value=-0.59093049821359189 -0.093966874443124848 -0.11085678641285215 -0.11911777929461675 0.53158047035120537 -0.064512145871089568 -0.38768871133314803 0.047060392703861004 -0.34630875516505472 0.75511188585311173 0.49073186182401712 0.20222148288419281 -0.45155350619356516 -0.21971925476304877 0.2455490128641282 0.84088066541231599 0.56086167703240608 0.011488605290651321 0.54730741665476845 0.039191330075263979 0.11093707402328067 1.0187891769409181 0.38534832371444239 0.58187125289329777 0.88820902554294734 -0.17703676223754883 0.61390150059824411 -0.4239481164279294 -0.0099053173226614794 0.61490819362493665 0.55849602679195609
leaf_weight=176 286 35 301 69 27 47 32 21 80 61 69 222 239 109 26 59 103 21 30 255 80 41 27 79 22 23 354 75 26 46
leaf_count=176 286 35 301 69 27 47 32 21 80 61 69 222 239 109 26 59 103 21 30 255 80 41 27 79 22 23 354 75 26 46
internal_value=-5.89067e-10 0.291358 -0.295022 0.587223 0.126721 -0.371496 0.383729 0.0670845 0.460665 0.174426 -0.0591923 -0.277898 -0.331362 0.348927 0.4106 0.771573 -0.113587 0.109461 -0.0250697 0.0761466 0.847534 0.62982 0.263859 0.748256 0.152349 0.284103 -0.479399 0.125347 0.306488 0.338424
internal_weight=3041 1530 1511 547 983 1141 260 775 225 358 370 611 461 208 181 287 150 297 417 276 218 121 104 138 77 55 530 131 56 155
internal_count=3041 1530 1511 547 983 1141 260 775 225 358 370 611 461 208 181 287 150 297 417 276 218 121 104 138 77 55 530 131 56 155
is_linear=0
shrinkage=0.1


Tree=12
num_leaves=31
num_cat=0
split_feature=2 2 0 6 4 3 6 3 5 4 3 2 1 5 6 0 2 4 4 4 1 4 1 3 6 2 5 6 4 3
split_gain=21194.5 5043.18 2901.5 1614.68 1309.28 1186.32 1070.81 941.269 729.929 720.198 607.928 545.175 514.661 505.069 506.274 479.559 515.852 388.365 385.85 383.192 375.086 472.632 363.249 354.323 345.336 322.55 307.72 472.506 300.28 325.654
threshold=370.50000000000006 762.50000000000011 1156.5000000000002 10.522248046929915 553.01529772671677 17.500000000000004 24.272206299819874 44.500000000000007 18094614.356703088 1182.4089187968125 46.500000000000007 1177.0000000000002 219.00000000000003 69833111.551881954 17.339103436114847 123.00000000000001 79.000000000000014 654.71558622048167 283.22808409181567 269.51521244040617 221.27000000000001 1182.4089187968125 189.90000000000003 140.50000000000003 6.5080787650013576 996.50000000000011 84126415.937457845 10.067419545060302 281.31210746146428 169.50000000000003
decision_type=2 2 2 2 2 2 2 2 2 2 2 2 2 2 2 2 2 2 2 2 2 2 2 2 2 2 2 2 2 2
left_child=2 4 5 7 13 19 10 8 -3 28 -6 17 -9 22 -15 16 -7 -5 -17 -1 23 -22 -2 24 -12 -19 27 -26 -4 -30
right_child=1 3 9 11 6 15 -8 12 -10 -11 20 -13 -14 14 -16 18 -18 25 -20 -21 21 -23 -24 -25 26 -27 -28 -29 29 -31
leaf_value=-0.46068055613830339 -0.084066924425669848 -0.35225588533167662 -0.19098349880697507 0.36917506092932167 -0.0030967850266478778 -0.42565502903678204 0.7196006429310029 0.35011177535634491 0.33913395970657068 0.52790600291707301 -0.028333793518443902 0.9437160199160104 0.64226502413420306 0.41737439646836255 -0.15072787132646359 -0.37345538690055491 0.014767776097911989 0.88600706205918245 -0.16858659700110723 -0.29607309768021833 0.33476279582125401 0.88613251664421788 0.097918338286820977 -0.15234284346753901 0.92287518441677097 0.41345697253942487 0.089162508249282846 0.27075882303714754 0.023616987207006293 -0.29418552141222687
leaf_weight=456 225 26 124 41 82 33 52 128 37 22 24 91 114 62 21 189 137 52 179 205 53 22 214 22 20 20 20 25 309 36
leaf_count=456 225 26 124 41 82 33 52 128 37 22 24 91 114 62 21 189 137 52 179 205 53 22 214 22 20 20 20 25 309 36
internal_value=2.7442e-10 0.29527 -0.236041 0.543768 0.14505 -0.319891 0.304315 0.398104 0.0537985 -0.0312852 0.223737 0.761548 0.487738 0.0474165 0.273638 -0.209635 -0.0707261 0.614847 -0.273805 -0.40963 0.323739 0.496498 0.00464571 0.207011 0.295839 0.754743 0.415534 0.560588 -0.057516 -0.00954501
internal_weight=3041 1351 1690 509 842 1199 320 305 63 491 268 204 242 522 83 538 170 113 368 661 186 75 439 111 89 72 65 45 469 345
internal_count=3041 1351 1690 509 842 1199 320 305 63 491 268 204 242 522 83 538 170 113 368 661 186 75 439 111 89 72 65 45 469 345
is_linear=0
shrinkage=0.1


Tree=13
num_leaves=31
num_cat=0
split_feature=2 2 2 4 4 3 1 5 1 5 3 0 3 2 0 5 6 1 3 3 0 5 3 3 6 2 1 3 6 5
split_gain=17226.7 3894.33 2612.15 1410.96 1191.34 1100.58 739.047 748.115 645.01 678.508 555.275 546.343 527.995 552.027 525.926 489.494 467.098 386.27 378.979 373.684 360.908 356.042 329.471 543.047 308.436 297.473 297.112 275.843 266.243 312.39
threshold=490.50000000000006 139.50000000000003 1213.0000000000002 1144.4664641654028 522.36926137160674 11.500000000000002 202.50000000000003 20991987.823936727 145.07000000000002 108906929.34788731 84.500000000000014 556.00000000000011 257.00000000000006 316.50000000000006 2705.5000000000005 15729369.050800059 11.228233177927761 105.50000000000001 110.50000000000001 61.500000000000007 1496.0000000000002 2640094.1750037041 56.500000000000007 217.00000000000003 5.5976849815920531 731.50000000000011 259.00000000000006 29.500000000000004 3.9961178496686425 82194611.370057955
decision_type=2 2 2 2 2 2 2 2 2 2 2 2 2 2 2 2 2 2 2 2 2 2 2 2 2 2 2 2 2 2
left_child=1 11 3 5 12 -2 8 10 17 22 15 19 13 27 28 21 -4 -7 -5 -1 -13 -8 -10 24 25 -24 -12 -3 -6 -30
right_child=2 4 16 18 14 6 7 -9 9 -11 26 20 -14 -15 -16 -17 -18 -19 -20 -21 -22 -23 23 -25 -26 -27 -28 -29 29 -31
leaf_value=-0.42987168008382892 -0.52274405300617222 -0.23323880707733891 0.5356518184244633 0.43341445120175681 -0.14215180460570587 0.13044094349093296 0.077669593624093314 0.48982349109469042 -0.14492353738009275 0.44586579319907393 0.59189996696500624 -0.26798488684282201 -0.57222853849331545 -0.0018074471647171277 0.56844705396021411 0.35209836592168914 0.85552178676284507 0.57292706902990953 0.79100807296986486 -0.024318127799779179 0.16868212461471557 -0.47927542353669805 -0.19166647460969055 -0.32587482562431924 0.30474182028662078 0.26273564830422402 0.12948161537448566 -0.089493466622399209 0.19053587134608202 -0.075543731242670858
leaf_weight=426 20 268 100 75 45 34 22 165 91 41 33 353 24 363 24 23 84 47 49 24 20 24 34 26 77 25 24 266 175 59
leaf_count=426 20 268 100 75 45 34 22 165 91 41 33 353 24 363 24 23 84 47 49 24 20 24 34 26 77 25 24 266 175 59
internal_value=1.45904e-09 -0.165855 0.341554 0.26429 -0.0527535 0.208177 0.230127 0.34971 0.137331 0.0684917 0.166227 -0.334063 -0.109341 -0.0969558 0.119249 -0.0245742 0.681679 0.387192 0.574722 -0.408242 -0.244571 -0.21291 0.00733622 0.0928649 0.172918 0.000876798 0.397198 -0.161635 0.0806088 0.123447
internal_weight=3041 2047 994 810 1224 686 666 291 375 294 126 823 921 897 303 69 184 81 124 450 373 46 253 162 136 59 57 534 279 234
internal_count=3041 2047 994 810 1224 686 666 291 375 294 126 823 921 897 303 69 184 81 124 450 373 46 253 162 136 59 57 534 279 234
is_linear=0
shrinkage=0.1


Tree=14
num_leaves=31
num_cat=0
split_feature=2 2 0 3 4 6 5 3 6 4 3 0 2 1 0 3 5 1 4 5 3 5 1 0 3 4 4 5 1 3
split_gain=14018.2 4068.44 1559.59 1030.93 954.78 1022.44 615.971 604.421 565.226 520.583 810.892 474.833 472.007 458.133 436.341 419.346 363.296 324.357 308.649 609.62 421.749 417.065 331.501 307.316 306.655 306.398 279.438 262.13 259.234 246.233
threshold=321.50000000000006 746.50000000000011 950.50000000000011 54.500000000000007 456.33943841841011 13.745257915099058 17848174.66047347 9.5000000000000018 3.3040340146723071 982.15816767150466 468.50000000000006 1940.0000000000002 649.50000000000011 290.50000000000006 4986.5000000000009 218.50000000000003 134818986.80752549 230.50000000000003 102.79134396853148 14561175.265325764 108.50000000000001 103326498.54348023 232.50000000000003 3222.0000000000005 83.500000000000014 407.1901154491635 186.08532183537179 43974204.937415004 179.47150000000002 31.500000000000004
decision_type=2 2 2 2 2 2 2 2 2 2 2 2 2 2 2 2 2 2 2 2 2 2 2 2 2 2 2 2 2 2
left_child=2 4 7 6 15 8 29 -1 -6 10 14 25 -10 -9 16 18 17 27 22 -20 21 26 -2 -8 -14 -4 -21 28 -5 -3
right_child=1 3 11 9 5 -7 23 13 12 -11 -12 -13 24 -15 -16 -17 -18 -19 19 20 -22 -23 -24 -25 -26 -27 -28 -29 -30 -31
leaf_value=-0.38483740362437119 0.076397225759395462 -0.39395843178033829 -0.16616571986004952 0.51801180733101704 -0.19952105602212983 0.43644417721124101 0.57325108852237461 -0.24389000381360379 0.10186993869292177 0.64865745952341458 -0.19127048909664157 0.29345757607370615 0.65985172476087306 0.20265718015531697 0.77752948388075227 -0.34721708530560136 0.76790778040885932 0.53023515944095223 -0.33825029494627468 -0.34540879145264625 -0.33927871010133198 0.33910483175769768 0.46224787489131647 0.14448464759758542 0.16705541941134827 -0.0075482492807752155 0.046537043372938292 0.021569607538335464 0.12927848285642163 0.096316874594915489
leaf_weight=407 127 20 309 42 51 131 32 538 234 163 20 32 28 24 39 32 25 68 53 20 28 47 27 35 23 201 201 34 29 21
leaf_count=407 127 20 309 42 51 131 32 538 234 163 20 32 28 24 39 32 25 68 53 20 28 47 27 35 23 201 201 34 29 21
internal_value=3.70569e-12 0.213366 -0.216049 0.438005 0.0949931 0.199474 0.162449 -0.292031 0.107084 0.508862 0.420198 -0.0802062 0.16195 -0.22482 0.471799 0.00379219 0.411579 0.360086 0.0261228 -0.0259122 0.0300132 0.0685959 0.144046 0.349269 0.43761 -0.103652 0.0110668 0.249895 0.359233 -0.142842
internal_weight=3041 1530 1511 528 1002 467 108 969 336 420 257 542 285 562 237 535 198 173 503 349 296 268 154 67 51 510 221 105 71 41
internal_count=3041 1530 1511 528 1002 467 108 969 336 420 257 542 285 562 237 535 198 173 503 349 296 268 154 67 51 510 221 105 71 41
is_linear=0
shrinkage=0.1


Tree=15
num_leaves=31
num_cat=0
split_feature=2 2 2 6 4 4 3 0 3 2 5 6 0 3 1 2 2 3 1 0 3 3 0 0 5 2 3 4 6 4
split_gain=11418.1 2366.67 1985.03 901.68 734.048 705.144 663.569 447.785 436.04 408.314 396.284 435.57 463.875 378.128 372.019 342.433 335.39 314.805 401.64 297.612 288.625 307.044 485.045 281.417 518.227 404.022 269.746 374.818 260.039 247.131
threshold=405.50000000000006 825.00000000000011 94.500000000000014 5.379294953458122 1335.71933082348 442.67393870720224 22.500000000000004 2594.0000000000005 268.00000000000006 1213.0000000000002 167618415.17669168 0.72675738963630521 987.50000000000011 111.50000000000001 220.50000000000003 996.50000000000011 980.50000000000011 28.500000000000004 176.50000000000003 603.50000000000011 75.500000000000014 107.50000000000001 1111.5000000000002 1969.5000000000002 59791009.917288832 606.50000000000011 118.50000000000001 662.63190029626537 8.5897244609334376 163.91002953452616
decision_type=2 2 2 2 2 2 2 2 2 2 2 2 2 2 2 2 2 2 2 2 2 2 2 2 2 2 2 2 2 2
left_child=2 4 19 13 6 10 -2 8 20 16 11 14 29 15 -4 -3 -5 18 -7 -1 23 -22 -23 24 -8 -25 -9 -28 -18 -13
right_child=1 3 5 9 -6 17 7 26 -10 -11 -12 12 -14 -15 -16 -17 28 -19 -20 -21 21 22 -24 25 -26 -27 27 -29 -30 -31
leaf_value=-0.34890207126048367 -0.13502258957184929 -0.11100783181878238 -0.081764900544353952 0.53911656120451557 0.49818778885345838 -0.42045528007478555 0.055909713014828423 0.3423731619056235 -0.33764726312264154 0.64995632682527815 0.17911045555120861 -0.57251694572382961 -0.11933252173325304 0.51799532370641832 0.27962965985227911 0.25602330602195167 -0.035115858336741274 0.10487924053603824 0.016188254207372667 -0.20288680169677129 0.36417603117227554 0.34880166589988004 -0.18196936514642503 -0.15911273625584282 0.55106491589775453 0.23669211455753875 -0.16234075808897616 0.32604496298414287 0.37873079974432383 -0.26053612092327255
leaf_weight=433 99 39 153 93 51 29 113 141 23 133 39 29 371 32 35 73 22 231 77 206 75 33 36 98 26 35 30 33 49 204
leaf_count=433 99 39 153 93 51 29 113 141 23 133 39 29 371 32 35 73 22 231 77 206 75 33 36 98 26 35 30 33 49 204
internal_value=-8.6655e-11 0.234482 -0.160128 0.420189 0.131208 -0.0826045 0.105984 0.143091 0.086204 0.519755 -0.132085 -0.147409 -0.188783 0.214835 -0.014484 0.128218 0.414165 0.0394077 -0.103271 -0.30183 0.109638 0.224116 0.0718776 0.0490318 0.148529 -0.0549536 0.265509 0.0934803 0.250497 -0.299366
internal_weight=3041 1234 1807 441 793 1168 742 643 439 297 831 792 604 144 188 112 164 337 106 639 416 144 69 272 139 133 204 63 71 233
internal_count=3041 1234 1807 441 793 1168 742 643 439 297 831 792 604 144 188 112 164 337 106 639 416 144 69 272 139 133 204 63 71 233
is_linear=0
shrinkage=0.1


Tree=16
num_leaves=31
num_cat=0
split_feature=2 0 2 2 4 3 0 1 3 5 1 5 6 3 2 0 3 4 2 4 1 1 6 5 3 4 6 4 3 5
split_gain=9301.27 2110.52 1483.65 987.696 865.689 804.006 793.323 562.144 482.155 521.743 466.654 423.768 423.737 415.151 460.761 460.093 629.911 405.211 338.267 334.3 319.269 310.894 301.531 300.748 287.372 337.524 274.47 258.594 253.978 316.762
threshold=490.50000000000006 1338.5000000000002 1213.0000000000002 94.500000000000014 1335.71933082348 11.500000000000002 2793.0000000000005 202.50000000000003 169.50000000000003 49774000.408636294 339.82000000000005 1.832733336789742e-21 3.1836763001654194 292.50000000000006 737.50000000000011 2724.5000000000005 63.500000000000007 615.67300216102046 557.50000000000011 659.34582714207249 220.50000000000003 224.50000000000003 11.228233177927761 54952590.45522394 56.500000000000007 442.67393870720224 14.888569016955669 254.77843690253579 38.500000000000007 167618415.17669168
decision_type=2 2 2 2 2 2 2 2 2 2 2 2 2 2 2 2 2 2 2 2 2 2 2 2 2 2 2 2 2 2
left_child=1 3 4 -1 5 -2 8 13 9 12 18 20 -3 14 -7 -16 -17 27 -9 23 -5 28 -4 -20 -14 -26 -27 -13 -11 -30
right_child=2 6 22 11 -6 7 -8 10 -10 21 -12 17 24 -15 15 16 -18 -19 19 -21 -22 -23 -24 -25 25 26 -28 -29 29 -31
leaf_value=-0.28287475066127737 -0.45368729176975436 -0.32043907337718541 0.38998128668218857 -0.05773030771347492 0.48333607848201487 0.032257883259670862 0.5109972663675294 0.089656510889530194 -0.26923505703085349 -0.069270005705309848 -0.027332312004132706 -0.27580283503773523 -0.055628409846262494 -0.3089458117882411 0.56602766880312483 -0.30606421816932117 0.28944561780454259 0.11797120588210722 0.20789343956003498 0.54895862932999939 0.2421243040907112 0.43081386324606447 0.64698262892308689 0.55246161380500503 -0.084660146577017648 0.48814924517098596 0.028337891967523666 -0.13235232575504313 0.096428694945597471 0.53002086579799657
leaf_weight=622 21 45 100 184 91 225 33 50 57 51 44 199 209 24 37 23 78 48 109 75 44 38 84 33 35 34 21 341 63 23
leaf_count=622 21 45 100 184 91 225 33 50 57 51 44 199 209 24 37 23 78 48 109 75 44 38 84 33 35 34 21 341 63 23
internal_value=3.49794e-10 -0.12187 0.250974 -0.187949 0.192745 0.155967 0.0341595 0.174309 0.00684065 0.0371611 0.274417 -0.115592 -0.0343518 0.0938595 0.120491 0.26435 0.153834 -0.160466 0.324144 0.378173 0.000136372 0.177735 0.507308 0.287969 0.00870477 0.158101 0.312585 -0.185216 0.107538 0.212389
internal_weight=3041 2047 994 1438 810 719 609 698 576 519 311 816 344 387 363 138 101 588 267 217 228 175 184 142 299 90 55 540 137 86
internal_count=3041 2047 994 1438 810 719 609 698 576 519 311 816 344 387 363 138 101 588 267 217 228 175 184 142 299 90 55 540 137 86
is_linear=0
shrinkage=0.1


Tree=17
num_leaves=31
num_cat=0
split_feature=2 2 3 6 1 6 3 5 1 0 6 1 1 6 3 3 4 4 1 1 2 6 1 1 4 0 0 4 5 5
split_gain=7564.04 2124.42 918.495 766.635 630.967 472.01 455.9 551.309 408.952 377.543 357.974 374.927 527.651 397.156 339.383 495.876 333.462 327.699 291.437 343.083 277.794 294.376 449.969 243.275 344.326 237.455 286.38 234.232 230.097 295.137
threshold=321.50000000000006 762.50000000000011 22.500000000000004 10.522248046929915 196.50000000000003 13.745257915099058 54.500000000000007 18094614.356703088 219.00000000000003 437.00000000000006 4.6224945529777317 157.75000000000003 105.50000000000001 18.37638034672668 98.500000000000014 43.500000000000007 518.69412083672762 1144.4664641654028 309.04600000000005 377.00000000000006 405.50000000000006 10.82049362013476 173.50000000000003 145.07000000000002 654.71558622048167 2747.5000000000005 4986.5000000000009 147.13318599836853 53206228.208557166 21434973.817684159
decision_type=2 2 2 2 2 2 2 2 2 2 2 2 2 2 2 2 2 2 2 2 2 2 2 2 2 2 2 2 2 2
left_child=2 4 9 6 10 17 7 -3 25 -1 27 12 -12 -14 15 -7 -4 18 -6 -20 -13 22 -22 -5 -25 -8 -27 -2 29 -18
right_child=1 3 16 23 5 14 8 -9 -10 -11 11 20 13 -15 -16 -17 28 -19 19 -21 21 -23 -24 24 -26 26 -28 -29 -30 -31
leaf_value=-0.31632415675752801 0.0273786021057855 -0.29393816373564979 -0.10470241499316346 0.74746839829853606 0.11673316506638831 0.16817784233550942 0.41454133293752016 0.23267874699831009 0.43871491626601355 -0.17708999618267618 -0.11708289513157473 -0.18297809990706729 0.2176108152464484 0.71690737236113788 0.063889664632302751 0.72595832702275875 0.0075375625569569435 0.40069685782705033 -0.38480734328428906 0.15411774274848758 0.54551462364196779 -0.089774254420355193 0.029258999113853164 0.18413377458143027 0.50965661181038935 -0.01680833733443058 0.41514166951179504 -0.18389168264201056 -0.086575450565741993 0.41972463554702699
leaf_weight=311 88 33 560 28 294 28 29 50 107 521 36 67 66 21 27 37 38 35 27 21 25 67 52 43 133 66 20 130 49 32
leaf_count=311 88 33 560 28 294 28 29 50 107 521 36 67 66 21 27 37 38 35 27 21 25 67 52 43 133 66 20 130 49 32
internal_value=1.23038e-11 0.156731 -0.158702 0.323621 0.0735316 0.158817 0.223251 0.0233009 0.298008 -0.229135 0.00107012 0.0661297 0.204897 0.338131 0.361896 0.485684 -0.0723975 0.109259 0.0794334 -0.149028 -0.0147634 0.0635032 0.196874 0.473682 0.430125 0.167089 0.0836452 -0.0986083 0.0796254 0.195966
internal_weight=3041 1530 1511 509 1021 469 305 83 222 832 552 334 123 87 92 65 679 377 342 48 211 144 77 204 176 115 86 218 119 70
internal_count=3041 1530 1511 509 1021 469 305 83 222 832 552 334 123 87 92 65 679 377 342 48 211 144 77 204 176 115 86 218 119 70
is_linear=0
shrinkage=0.1


Tree=18
num_leaves=31
num_cat=0
split_feature=2 3 6 0 2 3 4 1 0 4 2 1 4 1 3 1 5 0 5 3 3 3 3 1 5 1 6 1 1 3
split_gain=6159.17 1425.66 1057.93 685.155 645.44 494.116 520.881 479.997 460.846 432.25 406.969 365.162 357.256 353.697 300.194 347.687 294.146 417.544 343.275 326.273 286.844 274.611 272.597 230.311 225.84 223.212 203.984 203.41 352.198 432.907
threshold=490.50000000000006 22.500000000000004 5.5976849815920531 2793.0000000000005 1213.0000000000002 167.00000000000003 442.67393870720224 221.27000000000001 987.50000000000011 155.08042895442364 952.00000000000011 149.92100000000002 254.77843690253579 254.48500000000004 423.00000000000006 339.82000000000005 256402.23549517724 782.50000000000011 12904310.109311191 104.50000000000001 21.500000000000004 39.500000000000007 87.500000000000014 135.50000000000003 167618415.17669168 167.50000000000003 4.5056732329055391 204.50000000000003 152.50000000000003 58.500000000000007
decision_type=2 2 2 2 2 2 2 2 2 2 2 2 2 2 2 2 2 2 2 2 2 2 2 2 2 2 2 2 2 2
left_child=1 8 7 5 12 6 16 9 23 11 22 -2 -4 -9 15 27 19 -18 -19 25 -15 -8 26 -1 -20 -3 -11 28 -14 -30
right_child=2 3 4 -5 -6 -7 21 13 -10 10 -12 -13 14 20 -16 -17 17 18 24 -21 -22 -23 -24 -25 -26 -27 -28 -29 29 -31
leaf_value=-0.30534764926669733 0.52961287874551055 -0.14635000779773252 -0.12001937142124884 0.49515432286262517 0.48420688795736277 -0.22845489771909314 -0.040154808966326533 0.37364583880933999 -0.073951831160194853 -0.22442948330962467 0.17991151544782852 0.049047096049616816 0.42867829402675856 -0.2576325511932373 -0.12383167296648026 -0.038923033552639416 -0.29820575622672385 -0.29655478021058324 -0.045067131372924431 0.39057817554567009 0.17544023548181242 0.16527140765349466 -0.49743615013360981 -0.18639977499266086 0.25136593793119705 0.091550681983329815 0.099962355941534048 0.37824459578526226 -0.20615302579743522 0.23086910395092575
leaf_weight=265 21 66 27 25 131 117 96 73 251 63 36 64 64 20 20 33 88 52 313 24 65 202 25 422 28 98 28 177 28 119
leaf_count=265 21 66 27 25 131 117 96 73 251 63 36 64 64 20 20 33 88 52 313 24 65 202 25 422 28 98 28 177 28 119
internal_value=2.10508e-10 -0.0991715 0.20423 -0.0224205 0.288006 -0.0343572 -0.0108728 0.0771868 -0.189914 -0.0128199 -0.113811 0.167775 0.233086 0.212197 0.254705 0.272687 -0.0598565 -0.101311 -0.0572229 0.0462061 0.0735408 0.0990938 -0.204966 -0.232282 -0.0207266 -0.00418984 -0.124617 0.29919 0.232875 0.147627
internal_weight=3041 2047 994 1109 599 1084 967 395 938 237 152 85 468 158 441 421 669 481 393 188 85 298 116 687 341 164 91 388 211 147
internal_count=3041 2047 994 1109 599 1084 967 395 938 237 152 85 468 158 441 421 669 481 393 188 85 298 116 687 341 164 91 388 211 147
is_linear=0
shrinkage=0.1


Tree=19
num_leaves=31
num_cat=0
split_feature=2 0 6 3 0 4 3 2 5 1 3 5 3 3 6 1 3 5 2 4 0 3 5 1 0 5 3 4 1 6
split_gain=5041.24 1392.08 859.478 650.202 474.93 457.645 613.466 458.728 330.419 324.006 415.308 313.412 300.778 340.29 300.122 514.476 342.941 282.778 276.035 270.742 264.847 262.974 257.024 234.708 234.204 405.305 236.952 228.233 221.707 219.252
threshold=555.50000000000011 1420.5000000000002 5.379294953458122 13.500000000000002 2927.0000000000005 1127.8319681022681 468.50000000000006 825.00000000000011 143621554.87275162 216.50000000000003 60.500000000000007 27044125.668388285 109.50000000000001 35.500000000000007 11.476199542192807 209.50000000000003 68.500000000000014 3269706.2912509977 79.000000000000014 287.59766094131407 383.50000000000006 76.500000000000014 25335003.397466246 174.79500000000004 1293.5000000000002 23835253.394736115 102.50000000000001 662.63190029626537 144.42850000000001 20.89455841286809
decision_type=2 2 2 2 2 2 2 2 2 2 2 2 2 2 2 2 2 2 2 2 2 2 2 2 2 2 2 2 2 2
left_child=1 3 9 28 11 6 7 12 -7 24 -11 19 13 -4 16 -16 -15 18 23 -3 -19 22 -22 -5 26 -26 -2 -14 -1 -6
right_child=2 4 5 17 29 8 -8 -9 -10 10 -12 -13 27 14 15 -17 -18 20 -20 -21 21 -23 -24 -25 25 -27 -28 -29 -30 -31
leaf_value=-0.29203011102619625 -0.017282840364465587 -0.30684292956721038 -0.054219945101067424 -0.31939378020375275 0.60705044150352483 0.49390543002748127 -0.30224372687793916 0.38352063331826058 0.14012778387828306 0.011239597503689754 0.35118655944863958 0.076086924695311295 -0.23214677294095357 0.25108238490919271 -0.16605027031440001 0.48322697463242908 0.75257048225402834 -0.47713658392429353 0.048586231125992238 -0.022761909180105882 -0.16147415254683506 -0.2469771019042562 -0.017629728089086711 0.088465392731484918 -0.43851791796860873 0.0062243815073195624 0.37912207889556887 0.17696344802528621 -0.1658788200871133 0.14441460291189809
leaf_weight=231 38 40 32 43 20 132 21 153 33 69 75 378 30 30 26 23 25 20 236 208 212 111 300 21 27 85 25 25 351 21
leaf_count=231 38 40 32 43 20 132 21 153 33 69 75 378 30 30 26 23 25 20 236 208 212 111 300 21 27 85 25 25 351 21
internal_value=2.03235e-10 -0.0801298 0.206884 -0.132833 0.0403694 0.284943 0.222465 0.254497 0.42315 0.0771941 0.188295 0.0187742 0.151143 0.230946 0.318689 0.138713 0.479032 -0.081536 -0.00136603 -0.0685814 -0.11894 -0.107441 -0.0771903 -0.185565 -0.0142263 -0.10099 0.140021 -0.0461876 -0.215949 0.370091
internal_weight=3041 2192 849 1525 667 530 365 344 165 319 144 626 191 136 104 49 55 943 300 248 643 623 512 64 175 112 63 55 582 41
internal_count=3041 2192 849 1525 667 530 365 344 165 319 144 626 191 136 104 49 55 943 300 248 643 623 512 64 175 112 63 55 582 41
is_linear=0
shrinkage=0.1


Tree=20
num_leaves=31
num_cat=0
split_feature=2 0 6 3 5 4 3 2 5 2 5 4 5 1 1 1 1 5 5 1 0 6 3 0 2 5 1 4 5 1
split_gain=4083.4 1138.76 696.177 537.728 413.458 370.693 496.908 393.241 350.858 271.995 317.998 349.464 267.639 266.198 265.356 389.956 243.672 212.86 357.242 264.443 212.378 202.324 329.777 354.651 310.23 286.846 269.558 201.919 206.891 206.742
threshold=555.50000000000011 1338.5000000000002 5.379294953458122 6.5000000000000009 167618415.17669168 1127.8319681022681 468.50000000000006 1213.0000000000002 17382141.408752423 79.000000000000014 48720.38921591176 684.4468490162941 143621554.87275162 179.47150000000002 226.75000000000003 254.48500000000004 232.50000000000003 15729369.050800059 4474045.4456061637 194.12500000000003 3036.5000000000005 11.085825089295049 128.50000000000003 2724.5000000000005 762.50000000000011 90734131.924937025 194.12500000000003 348.13584637268855 82194611.370057955 299.50000000000006
decision_type=2 2 2 2 2 2 2 2 2 2 2 2 2 2 2 2 2 2 2 2 2 2 2 2 2 2 2 2 2 2
left_child=1 3 14 -1 17 6 7 8 20 -5 16 -12 -7 -6 -2 -16 -11 18 -3 -19 -4 22 23 -10 26 -26 -23 -21 29 -29
right_child=2 4 5 9 13 12 -8 -9 21 10 11 -13 -14 -15 15 -17 -18 19 -20 27 -22 24 -24 -25 25 -27 -28 28 -30 -31
leaf_value=-0.23599468683339772 -0.0066587586114381222 0.16673722475767139 -0.30536550797522066 -0.17051937831927419 0.1054226050419467 0.44451488508193782 -0.27201936145623529 0.50464747273259691 0.64745312264332411 -0.0083272641368001415 -0.12145727679711181 0.20460755808012829 0.12611500353298405 0.50788014376605006 0.38476021532659183 0.034249604522407828 0.26646515997616865 -0.019732922321341714 -0.17694914300114878 -0.079722054302692413 0.11260321488784207 -0.19538555601063898 0.025050994860274452 0.25610203237615919 0.15089982441493444 0.62564071387052544 0.19996039352246694 0.29018971737526916 -0.10378928611224347 -0.019769886315420825
leaf_weight=327 188 40 20 309 42 132 21 45 39 214 540 35 33 27 54 77 38 304 124 37 31 34 28 57 35 20 35 106 22 27
leaf_count=327 188 40 20 309 42 132 21 45 39 214 540 35 33 27 54 77 38 304 124 37 31 34 28 57 35 20 35 106 22 27
internal_value=4.17204e-10 -0.0721168 0.186196 -0.122996 0.02999 0.256448 0.200219 0.229047 0.187569 -0.0904688 -0.0605587 -0.10161 0.380835 0.262906 0.0694747 0.178735 0.0331097 0.00563974 -0.0931232 0.0382952 -0.0513061 0.236692 0.327015 0.415088 0.146369 0.323533 0.00515224 0.130173 0.180277 0.227266
internal_weight=3041 2192 849 1463 729 530 365 344 299 1136 827 575 165 69 319 131 252 660 164 496 51 248 124 96 124 55 69 192 155 133
internal_count=3041 2192 849 1463 729 530 365 344 299 1136 827 575 165 69 319 131 252 660 164 496 51 248 124 96 124 55 69 192 155 133
is_linear=0
shrinkage=0.1


Tree=21
num_leaves=31
num_cat=0
split_feature=2 3 2 6 4 1 0 5 1 0 4 3 0 5 3 3 5 6 2 1 3 1 3 3 6 2 4 5 1 1
split_gain=3307.56 950.39 566.745 483.503 479.947 399.883 255.247 744.441 395.079 240.996 239.531 252.183 239.465 321.597 275.536 243.622 265.023 222.932 636.913 175.189 170.168 184.573 168.536 164.323 187.102 204.566 178.11 157.784 157.485 277.381
threshold=555.50000000000011 27.500000000000004 1385.5000000000002 5.0343505296487594 451.20753746003805 134.02500000000003 1293.5000000000002 15010491.169893431 151.10050000000004 2275.5000000000005 257.05992911210279 434.50000000000006 1735.5000000000002 256402.23549517724 40.500000000000007 67.500000000000014 59791009.917288832 32.22867246387483 306.50000000000006 232.50000000000003 84.500000000000014 196.50000000000003 28.500000000000004 3.5000000000000004 6.327516834075321 12.500000000000002 298.5518949558504 63941350.534727149 339.82000000000005 200.01000000000002
decision_type=2 2 2 2 2 2 2 2 2 2 2 2 2 2 2 2 2 2 2 2 2 2 2 2 2 2 2 2 2 2
left_child=1 5 3 6 9 -1 20 -8 -9 12 -5 28 13 19 -14 16 -15 -6 -19 -3 -2 -22 -10 26 25 -25 -7 -27 29 -12
right_child=2 4 -4 10 17 23 7 8 22 -11 11 -13 14 15 -16 -17 -18 18 -20 -21 21 -23 -24 24 -26 27 -28 -29 -30 -31
leaf_value=-0.21931619854903844 -0.0014178097248077393 -0.00076425184628793174 0.36238406428289932 -0.11886324539132741 0.057099059996904726 -0.25264723579965387 -0.47653128893086411 -0.30957137818137803 0.33589390775849748 -0.34178520948798569 0.16601272746522786 -0.13452427428215744 0.38799996696985684 -0.11477826354460813 0.0044634505939572609 -0.23156137214673145 0.14089617875333016 -0.036983473328026858 0.60537879569777131 0.2545283533050679 0.026985811205072836 0.39094823516513172 0.057588720821762744 -0.23511313425528035 -0.12215595337008041 -0.0089805293622106427 0.040551686745423539 0.24971349600415965 0.022853246506522686 0.33707884483692852
leaf_weight=344 44 168 127 23 336 102 33 24 31 27 199 20 26 184 67 124 52 33 29 32 22 38 73 37 326 253 26 26 34 181
leaf_count=344 44 168 127 23 336 102 33 24 31 27 199 20 26 184 67 124 52 33 29 32 22 38 73 37 326 253 26 26 34 181
internal_value=3.44223e-10 -0.0649051 0.167576 0.133309 0.00203151 -0.129679 0.0258445 -0.0530345 0.0561482 -0.049016 0.195625 0.212291 -0.0369106 -0.0615887 0.111689 -0.118073 -0.0584432 0.0892483 0.263476 0.0400826 0.147955 0.257495 0.140545 -0.0896328 -0.0690055 -0.0141731 -0.193091 0.0151272 0.229045 0.247494
internal_weight=3041 2192 849 722 1078 1114 265 161 128 680 457 434 653 560 93 360 236 398 62 200 104 60 104 770 642 316 128 279 414 380
internal_count=3041 2192 849 722 1078 1114 265 161 128 680 457 434 653 560 93 360 236 398 62 200 104 60 104 770 642 316 128 279 414 380
is_linear=0
shrinkage=0.1


Tree=22
num_leaves=31
num_cat=0
split_feature=2 0 4 3 1 1 0 3 5 1 6 1 6 3 1 5 6 1 4 5 2 3 3 4 1 5 3 5 0 4
split_gain=2679.12 777.411 504.632 514.71 392.737 396.818 388.484 343.523 303.259 276.93 378.129 253.075 299.291 251.874 220.618 219.52 195.823 180.627 166.454 182.971 165.339 149.292 218.509 317.403 188.109 148.018 141.748 139.764 138.502 137.732
threshold=555.50000000000011 1169.5000000000002 1382.2905032970732 12.500000000000002 202.50000000000003 339.82000000000005 2927.0000000000005 4.5000000000000009 27044125.668388285 145.07000000000002 5.0343505296487594 169.50000000000003 5.0906831732699329 434.50000000000006 126.18750000000001 134818986.80752549 20.89455841286809 290.50000000000006 659.34582714207249 54952590.45522394 395.50000000000006 184.50000000000003 56.500000000000007 442.67393870720224 203.50000000000003 112794804.76251018 83.500000000000014 640662765.96494901 321.00000000000006 362.85237916546333
decision_type=2 2 2 2 2 2 2 2 2 2 2 2 2 2 2 2 2 2 2 2 2 2 2 2 2 2 2 2 2 2
left_child=1 7 3 -2 9 18 8 28 21 10 -5 20 17 15 -12 -11 -8 -13 19 29 -9 22 -3 -24 -25 -4 -21 -10 -1 -6
right_child=2 6 25 4 5 -7 16 11 27 13 14 12 -14 -15 -16 -17 -18 -19 -20 26 -22 -23 23 24 -26 -27 -28 -29 -30 -31
leaf_value=-0.30808138707652688 -0.34753553491571676 -0.10647852562925889 0.40178567446195168 -0.045678290273203997 0.22995361425538563 -0.075672307610511788 0.53856311678886415 -0.14136728351909875 0.037309396600056638 0.0050516983394378002 0.22426648065447807 0.015381951477792527 -0.10817586799676066 -0.32019668466278484 0.64764813132584098 0.28505178522318603 0.10134362294560387 0.28470947054613915 0.34537082769167732 0.53076146338135011 0.12178505051136018 -0.30322249213663433 -0.18289644273538744 0.039913678457660064 0.39423805002508494 0.17098207263275983 0.17500765479746319 0.28465049136430026 -0.15364948220703067 0.023139882589420003
leaf_weight=96 23 227 91 33 67 42 20 531 475 224 32 225 256 21 20 32 21 28 117 24 25 26 31 31 29 40 21 24 147 62
leaf_count=96 23 227 91 33 67 42 20 531 475 224 32 225 256 21 20 32 21 28 117 24 25 26 31 31 29 40 21 24 147 62
internal_value=3.98863e-10 -0.0584146 0.150818 0.117887 0.13329 0.211667 0.0140261 -0.107373 -0.000593591 0.0611912 0.219084 -0.0828935 -0.0319454 0.0127405 0.387106 0.0400517 0.314621 0.0451889 0.253139 0.191121 -0.129535 -0.0728313 -0.0539943 0.0769279 0.21117 0.331311 0.364743 0.0492056 -0.21466 0.130555
internal_weight=3041 2192 849 718 695 333 884 1308 843 362 85 1065 509 277 52 256 41 253 291 174 556 344 318 91 60 131 45 499 243 129
internal_count=3041 2192 849 718 695 333 884 1308 843 362 85 1065 509 277 52 256 41 253 291 174 556 344 318 91 60 131 45 499 243 129
is_linear=0
shrinkage=0.1


Tree=23
num_leaves=31
num_cat=0
split_feature=2 3 2 6 0 2 3 2 4 4 1 1 4 6 6 5 4 4 6 0 5 1 5 5 0 2 0 3 4 0
split_gain=2170.09 660.167 428.884 342.638 309.846 368.087 271.64 253.722 231.746 187.429 183.81 278.498 286.497 218.149 314.071 199.445 190.079 221.681 349.778 179.02 637.606 243.97 223.245 179.018 201.229 192.321 377.205 176.698 555.006 306.358
threshold=555.50000000000011 22.500000000000004 1385.5000000000002 5.379294953458122 2793.0000000000005 467.50000000000006 167.00000000000003 61.500000000000007 240.00990755334331 257.05992911210279 195.50000000000003 147.50000000000003 557.79992774652828 11.947830446187519 21.972479283291403 17016285.363819066 436.07874961192857 659.34582714207249 10.730254178625898 1293.5000000000002 15010491.169893431 151.10050000000004 107132296.549089 160901729.49222347 2472.0000000000005 380.50000000000006 1315.5000000000002 72.500000000000014 518.69412083672762 413.00000000000006
decision_type=2 2 2 2 2 2 2 2 2 2 2 2 2 2 2 2 2 2 2 2 2 2 2 2 2 2 2 2 2 2
left_child=1 8 3 19 6 -6 7 -3 -1 -5 11 -11 -13 -14 -15 -12 -17 18 -18 -2 -21 -22 -23 24 27 26 -25 -9 29 -29
right_child=2 4 -4 9 5 -7 -8 23 -10 10 15 12 13 14 -16 16 17 -19 -20 20 21 22 -24 25 -26 -27 -28 28 -30 -31
leaf_value=-0.16179579313217377 0.12518017597209949 -0.18924223332415122 0.30520274183881568 -0.11629241672546969 0.57267698556184765 0.0066630603538619148 -0.15309463933938081 -0.01418654736181681 -0.063200770738218712 0.30159184312820436 0.035132322224175054 -0.17339529637643633 0.32545016267469951 -0.24819323328137399 0.26384292180123542 0.53524879550933846 0.29448239436516394 0.31024146560029908 -0.26177175335586073 -0.41613017404969366 -0.22343784203896155 0.047656623373040934 0.39452523576176685 0.023332316732115072 -0.30283012631393613 -0.049268734097480782 0.61713739633560183 0.16131363700736653 0.36694100394293117 -0.11977214424851093
leaf_weight=502 104 65 127 23 20 27 126 695 454 50 41 47 35 25 23 25 26 122 20 36 26 96 23 23 21 25 20 66 54 94
leaf_count=502 104 65 127 23 20 27 126 695 454 50 41 47 35 25 23 25 26 122 20 36 26 96 23 23 21 25 20 66 54 94
internal_value=1.48733e-10 -0.0525731 0.135737 0.105927 -0.00430882 0.24752 -0.0142634 0.00219264 -0.114973 0.16156 0.176996 0.101024 0.0238826 0.135594 -0.00284258 0.235437 0.277989 0.239706 0.0526328 0.0206238 -0.0394528 0.0540671 0.114698 0.0146608 0.00320844 0.171289 0.299521 0.0102786 0.0897333 -0.00382426
internal_weight=3041 2192 849 722 1236 47 1189 1063 956 437 414 180 130 83 48 234 193 168 46 285 181 145 119 998 930 68 43 909 214 160
internal_count=3041 2192 849 722 1236 47 1189 1063 956 437 414 180 130 83 48 234 193 168 46 285 181 145 119 998 930 68 43 909 214 160
is_linear=0
shrinkage=0.1


Tree=24
num_leaves=31
num_cat=0
split_feature=2 2 4 6 4 0 3 5 6 3 3 1 3 3 0 2 3 3 4 0 3 5 1 0 5 3 4 5 6 1
split_gain=1806.76 548.375 368.159 339.523 379.961 283.382 264.492 235.716 302.906 193.325 184.935 182.062 171.893 350.656 193.886 171.733 162.363 172.927 150.727 163.102 239.535 256.744 149.774 199.445 145.652 155.069 141 264.263 138.013 180.19
threshold=321.50000000000006 746.50000000000011 283.22808409181567 24.272206299819874 451.20753746003805 1940.0000000000002 21.500000000000004 22558040.807039905 51.097989417312533 4.5000000000000009 259.50000000000006 196.50000000000003 51.500000000000007 87.500000000000014 2109.5000000000005 555.50000000000011 110.50000000000001 468.50000000000006 1144.4664641654028 2705.5000000000005 76.500000000000014 15729369.050800059 169.50000000000003 123.00000000000001 12756357.302397793 127.50000000000001 479.8623640829174 49774000.408636294 5.5517132658996813 191.20300000000003
decision_type=2 2 2 2 2 2 2 2 2 2 2 2 2 2 2 2 2 2 2 2 2 2 2 2 2 2 2 2 2 2
left_child=2 3 9 10 -5 -4 -3 -6 -9 -1 11 12 14 -14 26 -13 28 -18 19 20 21 -17 -11 -24 -15 -26 27 -2 29 -8
right_child=1 6 5 4 7 -7 16 8 -10 22 -12 15 13 24 -16 18 17 -19 -20 -21 -22 -23 23 -25 25 -27 -28 -29 -30 -31
leaf_value=-0.20386251752067525 -0.052394543919843023 -0.11504384143785998 -0.031367364347328286 -0.11647650055587291 0.052819232642650607 0.31249112224578862 -0.11759050456299024 0.6908642897239099 0.18023367999565035 -0.12726022504093915 -0.21776471995946134 0.023902436240033548 0.16869245170893377 0.081918393921207741 -0.23896479074444091 -0.16173559522628786 0.27425523563732751 0.03882648397136379 0.39526523831097982 -0.058936702198273433 0.4452682411441436 0.26311577879118198 0.083197986985507774 -0.10104416200721807 -0.036496614508850632 -0.32722222029697151 -0.17513019268077856 0.26526122917147243 0.18893870674467214 0.13860475445446904
leaf_weight=203 114 33 580 25 20 25 44 26 21 454 33 254 114 37 56 25 199 37 23 37 26 33 95 154 43 32 49 34 142 73
leaf_count=203 114 33 580 25 20 25 44 26 21 454 33 254 114 37 56 25 199 37 23 37 26 33 95 154 43 32 49 34 142 73
internal_value=-5.4969e-11 0.0766 -0.0775632 0.0331413 0.216216 -0.0171583 0.159073 0.340355 0.46271 -0.1179 0.0146327 0.0233774 -0.0181546 0.0452277 -0.0747727 0.073362 0.177347 0.237345 0.160603 0.115998 0.193052 0.0799902 -0.093077 -0.030751 -0.0804418 -0.16054 -0.0280989 0.0205804 0.122677 0.0422578
internal_weight=3041 1530 1511 1002 92 605 528 67 47 906 910 877 479 226 253 398 495 236 144 121 84 58 703 249 112 75 197 148 259 117
internal_count=3041 1530 1511 1002 92 605 528 67 47 906 910 877 479 226 253 398 495 236 144 121 84 58 703 249 112 75 197 148 259 117
is_linear=0
shrinkage=0.1


Tree=25
num_leaves=31
num_cat=0
split_feature=2 2 6 4 3 4 3 0 1 2 3 2 0 0 1 3 1 1 5 3 4 5 6 0 5 6 2 0 0 5
split_gain=1463.48 492.611 385.331 443.6 352.839 298.209 269.882 229.539 217.829 200.745 171.703 221.605 163.634 418.864 164.305 154.545 150.772 223.628 199.483 173.091 215.075 408.587 163.241 140.066 136.73 133.765 142.374 130.523 267.359 303.069
threshold=321.50000000000006 1385.5000000000002 25.937143675731757 476.98724252326605 406.50000000000006 283.22808409181567 6.5000000000000009 1940.0000000000002 87.750000000000014 649.50000000000011 43.500000000000007 555.50000000000011 1.0000000180025095e-35 253.50000000000003 169.50000000000003 52.500000000000007 316.42500000000007 219.00000000000003 27506610.791437935 124.50000000000001 456.33943841841011 32014110.621572185 6.5080787650013576 4908.5000000000009 11933082.949965119 10.522248046929915 1724.0000000000002 1735.5000000000002 1969.5000000000002 49774000.408636294
decision_type=2 2 2 2 2 2 2 2 2 2 2 2 2 2 2 2 2 2 2 2 2 2 2 2 2 2 2 2 2 2
left_child=5 2 4 -4 6 12 -2 -7 -8 16 -5 -12 14 -14 -1 24 17 18 -10 20 21 -19 -18 -3 -15 26 -25 -20 29 -29
right_child=1 23 3 10 -6 7 8 -9 9 -11 11 -13 13 15 -16 -17 22 19 27 -21 -22 -23 -24 25 -26 -27 -28 28 -30 -31
leaf_value=-0.10329910925710979 -0.24445911805960352 0.48696535988287493 -0.13508531661896869 0.049497242200942267 -0.3372570176124573 -0.028230628076105796 -0.2484986168642839 0.28124200626462698 -0.068756264291865668 0.10841706434057818 0.64223819402131177 0.27433119222987445 -0.39218282589786935 -0.16174603904624071 0.057958158506796913 -0.25229755671638432 0.024433422336975735 0.10826019356990685 -0.045398001175328911 0.4043614667654038 0.19367196993307048 -0.40653201086180552 -0.35733986865906492 0.247351943731308 -0.053120636718168468 0.31106965368260342 -0.10145269632339478 0.059584545450551175 0.026159135827164011 0.52914459661201196
leaf_weight=161 32 22 29 21 25 580 24 25 230 450 22 64 57 175 104 66 24 58 83 20 97 21 21 25 343 58 22 28 127 27
leaf_count=161 32 22 29 21 25 580 24 25 230 450 22 64 57 175 104 66 24 58 83 20 97 21 21 25 343 58 22 28 127 27
internal_value=9.51535e-11 0.06894 0.0518682 0.211827 0.0346983 -0.0698069 0.0421853 -0.0154425 0.049766 0.0558017 0.305849 0.368447 -0.10611 -0.133435 -0.0400132 -0.108181 0.0236319 0.0351821 -0.000615138 0.125588 0.0939097 -0.0285833 -0.153727 0.257536 -0.0898184 0.209466 0.0840817 0.0585262 0.10592 0.290096
internal_weight=3041 1530 1403 136 1267 1511 1242 605 1210 1186 107 86 906 641 265 584 736 691 495 196 176 79 45 127 518 105 47 265 182 55
internal_count=3041 1530 1403 136 1267 1511 1242 605 1210 1186 107 86 906 641 265 584 736 691 495 196 176 79 45 127 518 105 47 265 182 55
is_linear=0
shrinkage=0.1


Tree=26
num_leaves=31
num_cat=0
split_feature=2 2 6 4 3 4 6 0 3 1 1 1 1 5 6 4 0 0 0 5 5 4 3 1 3 6 4 0 4 4
split_gain=1185.42 399.015 312.48 341.692 250.922 241.549 231.04 485.037 219.809 177.916 165.758 377.338 279.074 186.239 167.639 288.459 236.146 162.765 164.261 220.208 213.973 254.404 148.795 384.513 268.958 251.505 170.428 161.737 144.989 211.44
threshold=321.50000000000006 1385.5000000000002 26.935868031790683 476.98724252326605 406.50000000000006 283.22808409181567 91.891058549552511 1926.5000000000002 8.5000000000000018 87.750000000000014 320.02000000000004 385.00000000000006 234.18750000000003 24947485.98805806 1.2751377119277258 456.33943841841011 1984.5000000000002 1735.5000000000002 2017.0000000000002 55584553.059548296 37732940.808228612 318.70958062488967 69.500000000000014 199.50000000000003 95.500000000000014 8.4342588150515301 747.48678074560758 2684.5000000000005 109.79900063959069 541.84497478284436
decision_type=2 2 2 2 2 2 2 2 2 2 2 2 2 2 2 2 2 2 2 2 2 2 2 2 2 2 2 2 2 2
left_child=5 2 4 -4 8 -1 7 -7 -2 -10 12 -12 13 28 -14 16 -16 -15 19 -19 21 -20 23 -22 27 26 -26 -24 -11 -30
right_child=1 -3 3 -5 -6 6 -8 -9 9 10 11 -13 14 17 15 -17 -18 18 20 -21 22 -23 24 -25 25 -27 -28 -29 29 -31
leaf_value=-0.095498843493550922 -0.18420614697212398 0.23178271580575488 -0.1160172621054309 0.27794579760108179 -0.2759307469312961 -0.017217864344853003 -0.28444316248099011 0.48403835296630859 -0.22364875550071397 0.048853674335405231 -0.31022724046518935 0.15990199999463173 0.34157016888642922 -0.042867798100888116 -0.32582044523695242 0.18164845536522875 0.091590237668292093 0.1084521143436432 -0.070198776151822961 0.46285290453169081 -0.18951891903599649 0.32380941940242786 0.48894228100776671 0.25832348248133291 -0.38440696976401589 0.16836166895098159 0.013868195386159987 0.12855356324351194 -0.17458515438451389 0.032159700868246349
leaf_weight=906 43 127 28 103 26 555 30 20 24 160 38 31 39 97 23 171 33 50 23 27 73 57 20 26 22 36 21 33 107 92
leaf_count=906 43 127 28 103 26 555 30 20 24 160 38 31 39 97 23 171 33 50 23 27 73 57 20 26 22 36 21 33 107 92
internal_value=5.97179e-11 0.062046 0.0466814 0.19374 0.0315362 -0.0628262 -0.0138983 0.000217135 0.0379521 0.0458929 0.0513797 -0.0990098 0.0607283 0.0325789 0.150044 0.117139 -0.0798463 0.0729937 0.101959 0.232723 0.0695836 0.210532 0.0207703 -0.0719037 0.0902758 -0.0266418 -0.1899 0.264549 -0.0220204 -0.0790046
internal_weight=3041 1530 1403 131 1272 1511 605 575 1246 1203 1179 69 1110 844 266 227 56 485 388 77 311 80 231 99 132 79 43 53 359 199
internal_count=3041 1530 1403 131 1272 1511 605 575 1246 1203 1179 69 1110 844 266 227 56 485 388 77 311 80 231 99 132 79 43 53 359 199
is_linear=0
shrinkage=0.1


Tree=27
num_leaves=31
num_cat=0
split_feature=2 2 3 4 1 6 6 6 3 3 2 5 1 1 1 1 3 3 1 1 0 6 0 5 1 5 6 0 0 3
split_gain=964.925 350.32 257.328 240.668 212.373 182.349 181.902 168.786 240.912 226.46 155.611 151.994 165.374 252.605 183.803 210.89 150.476 237.522 213.008 152.947 184.332 150.409 153.809 180.091 187.438 147.519 145.809 138.552 282.7 136.043
threshold=280.50000000000006 762.50000000000011 110.50000000000001 240.00990755334331 190.02000000000001 9.6362089961778832 15.373958304737954 13.745257915099058 94.500000000000014 43.500000000000007 907.50000000000011 87694252.309690207 154.50000000000003 182.50000000000003 259.00000000000006 230.50000000000003 51.500000000000007 127.50000000000001 156.76100000000002 141.56500000000003 1859.0000000000002 11.579973081640684 2296.0000000000005 21826930.050383493 247.50000000000003 82194611.370057955 23.029812349527003 1.0000000180025095e-35 219.00000000000003 98.500000000000014
decision_type=2 2 2 2 2 2 2 2 2 2 2 2 2 2 2 2 2 2 2 2 2 2 2 2 2 2 2 2 2 2
left_child=3 4 5 27 16 11 -7 21 9 -9 -4 12 -3 -14 15 -15 -2 18 19 20 -18 22 25 -24 -25 -6 -11 -1 -29 -20
right_child=1 2 10 -5 7 6 -8 8 -10 26 -12 -13 13 14 -16 -17 17 -19 29 -21 -22 -23 23 24 -26 -27 -28 28 -30 -31
leaf_value=-0.042974206244126581 -0.066813683087239048 0.21687195958061653 0.37015236737423168 -0.020198397955163126 0.045984010148624133 0.34083607328173365 0.045179627770962925 0.076919396524317563 -0.039382573664188389 0.25653598489968676 0.15917810577759769 0.19481052611680594 -0.33516065920392674 -0.025888354641695817 -0.15944569149742957 0.36222994724909463 0.29559581181406974 -0.099955388412196589 0.059730236969327416 0.36806975445813606 -0.081238558281351014 -0.14626730844378472 -0.050418606675837356 0.46325431976999554 0.090382260886522445 -0.21213230611756445 0.62572396576404576 -0.3776076219298623 -0.11058725930397351 -0.20303470945358276
leaf_weight=242 320 22 43 688 286 38 46 32 35 23 187 34 30 42 46 21 25 94 93 36 27 40 23 28 26 24 20 44 401 25
leaf_count=242 320 22 43 688 286 38 46 32 35 23 187 34 30 42 46 21 25 94 93 36 27 40 23 28 26 24 20 44 401 25
internal_value=-7.7094e-11 0.0511744 0.12031 -0.0620047 0.0207594 0.0557526 0.178929 0.0667948 0.177253 0.27835 0.198621 0.00269199 -0.0378796 -0.0782 -0.00747692 0.103484 -0.0191132 0.0317673 0.0918738 0.209625 0.0999318 0.0383396 0.0574204 0.183915 0.283723 0.0260008 0.428251 -0.103872 -0.136989 0.0040597
internal_weight=3041 1666 509 1375 1157 279 84 537 110 75 230 195 161 139 109 63 620 300 206 88 52 427 387 77 54 310 43 687 445 118
internal_count=3041 1666 509 1375 1157 279 84 537 110 75 230 195 161 139 109 63 620 300 206 88 52 427 387 77 54 310 43 687 445 118
is_linear=0
shrinkage=0.1


Tree=28
num_leaves=31
num_cat=0
split_feature=2 2 3 3 0 5 1 1 1 6 3 5 6 4 2 0 6 4 0 1 5 0 2 0 3 1 1 0 2 0
split_gain=781.589 308.515 268.888 261.62 212.487 191.898 175.989 212.632 321.184 221.575 168.097 167.096 164.581 262.362 282.33 219.199 139.242 226.288 137.307 123.877 122.078 130.131 161.346 185.189 190.14 251.693 206.427 166.648 145.358 186.269
threshold=280.50000000000006 1213.0000000000002 468.50000000000006 8.5000000000000018 800.00000000000011 167618415.17669168 234.18750000000003 339.82000000000005 353.50000000000006 32.22867246387483 47.500000000000007 8594688.2079314496 11.15350536865491 327.23922397459773 222.50000000000003 1156.5000000000002 1.2751377119277258 451.20753746003805 1984.5000000000002 169.50000000000003 24947485.98805806 1735.5000000000002 363.50000000000006 1845.5000000000002 68.500000000000014 192.50000000000003 212.50000000000003 3072.0000000000005 458.50000000000006 2048.5000000000005
decision_type=2 2 2 2 2 2 2 2 2 2 2 2 2 2 2 2 2 2 2 2 2 2 2 2 2 2 2 2 2 2
left_child=4 2 3 -2 19 12 20 9 -9 16 -7 -10 13 -6 15 -15 -8 18 -18 -1 -5 -22 -23 -24 25 27 -26 28 -25 -30
right_child=1 -3 -4 6 5 10 7 8 11 -11 -12 -13 -14 14 -16 -17 17 -19 -20 -21 21 22 23 24 26 -27 -28 -29 29 -31
leaf_value=-0.12145557548074673 -0.18174190964760648 0.16818509466095788 -0.3011035915464163 -0.017336891803045779 -0.062308266344516319 0.39610544840494794 0.29362835257481307 -0.36643220457163728 0.29934838170355021 0.45597696644919261 -0.0089801304042339321 -0.052353879894529068 -0.07526603866108629 0.15124684070998973 -0.038630280954142414 0.53783914121714504 -0.24022219149129734 0.14708590725641377 0.065278606513334864 -0.040358044582028546 -0.026622411200115759 0.2960459798341617 0.32692769527435306 -0.20282402328542762 0.14872032129412724 0.17857851161742988 -0.18259036313919796 -0.31400492897740118 0.30124279208481314 -0.050424885823101298
leaf_weight=480 53 184 24 430 129 21 39 22 22 21 20 35 301 44 48 22 28 173 31 310 155 32 25 37 180 46 21 27 20 61
leaf_count=480 53 184 24 430 129 21 39 22 22 21 20 35 301 44 48 22 28 173 31 310 155 32 25 37 180 46 21 27 20 61
internal_value=1.787e-11 0.0460569 0.0308939 0.0363589 -0.0558042 -0.0101216 0.0445862 0.103671 -0.0418763 0.143049 0.198503 0.0833909 -0.0258452 0.0353716 0.145904 0.280111 0.1188 0.0894107 -0.0797048 -0.0896325 0.0233864 0.0523781 0.07965 0.0630441 0.0462148 -0.0252307 0.114106 -0.0898875 -0.0386064 0.0364066
internal_weight=3041 1666 1482 1458 1375 585 1405 371 79 292 41 57 544 243 114 66 271 232 59 790 1034 604 449 417 392 191 201 145 118 81
internal_count=3041 1666 1482 1458 1375 585 1405 371 79 292 41 57 544 243 114 66 271 232 59 790 1034 604 449 417 392 191 201 145 118 81
is_linear=0
shrinkage=0.1


Tree=29
num_leaves=31
num_cat=0
split_feature=3 2 2 1 4 3 3 5 4 1 1 1 4 2 1 1 0 5 0 3 1 2 1 4 6 1 6 6 6 2
split_gain=646.761 415.587 192.674 189.215 173.007 282.099 156.785 143.503 237.325 211.25 169.286 242.708 138.405 136.897 169.576 340.775 136.204 185.779 258.861 131.301 163.277 130.564 121.647 195.948 241.363 140.102 323.374 198.977 150.626 138.84
threshold=22.500000000000004 762.50000000000011 802.50000000000011 87.750000000000014 1182.4089187968125 167.00000000000003 178.50000000000003 90734131.924937025 557.79992774652828 184.50000000000003 147.50000000000003 160.06500000000003 1298.7824775781462 1213.0000000000002 181.87500000000003 230.50000000000003 516.50000000000011 21434973.817684159 1894.5000000000002 143.50000000000003 226.75000000000003 61.500000000000007 157.75000000000003 522.36926137160674 9.845389030725082 179.47150000000002 9.7496228409516963 42.350470291209994 19.253658481678752 678.50000000000011
decision_type=2 2 2 2 2 2 2 2 2 2 2 2 2 2 2 2 2 2 2 2 2 2 2 2 2 2 2 2 2 2
left_child=12 3 -3 -2 5 21 -7 10 -9 -10 -4 -12 -1 14 -13 -16 -8 -18 -19 20 -6 -5 23 -23 -25 26 -24 28 29 -27
right_child=1 2 7 4 19 6 16 8 9 -11 11 13 -14 -15 15 -17 17 18 -20 -21 -22 22 25 24 -26 27 -28 -29 -30 -31
leaf_value=-0.069622870170535256 -0.18157754803405091 0.34806485182859681 0.27848663707122662 -0.12089657055549935 -0.085771441870722276 -0.38364426199346785 0.10818893190087944 0.47351462046305343 -0.055597056563083946 0.25357631053410329 -0.22501264772107527 0.22092409031465651 0.18975398199898857 0.16363857057547632 -0.22845395203265878 0.09920887453602506 -0.31255779265377082 -0.16901254839348523 0.26487992495298385 0.37303913838806607 0.25277749321290427 0.04510324817397917 0.039538839897999528 -0.0085954458876089622 0.41410001902441895 0.024392155022450981 -0.20068126915283102 0.2814595956235163 -0.11746474976880827 0.20757077929046419
leaf_weight=1011 51 33 33 61 29 20 29 24 39 51 31 32 21 99 54 77 38 44 20 21 28 245 141 22 35 514 93 31 69 45
leaf_count=1011 51 33 33 61 29 20 29 24 39 51 31 32 21 99 54 77 38 44 20 21 28 245 141 22 35 514 93 31 69 45
internal_value=4.86188e-10 0.0330532 0.115014 0.00781398 0.0143183 0.00628181 -0.122858 0.0975352 0.194109 0.119601 0.0637639 0.0395801 -0.0643449 0.0708869 0.014553 -0.0358582 -0.0830433 -0.137413 -0.0334212 0.159285 0.0805333 0.0218074 0.0290918 0.0839559 0.250954 0.0105376 -0.0559333 0.0341403 0.0219318 0.0391382
internal_weight=3041 2009 473 1536 1485 1407 151 440 114 90 326 293 1032 262 163 131 131 102 64 78 57 1256 1195 302 57 893 234 659 628 559
internal_count=3041 2009 473 1536 1485 1407 151 440 114 90 326 293 1032 262 163 131 131 102 64 78 57 1256 1195 302 57 893 234 659 628 559
is_linear=0
shrinkage=0.1


Tree=30
num_leaves=31
num_cat=0
split_feature=4 3 5 6 3 1 1 1 1 1 0 3 5 3 5 1 3 5 3 5 4 0 6 4 5 1 3 5 5 0
split_gain=527.692 300.972 310.509 236.527 221.486 190.262 299.528 358.163 227.491 189.383 176.081 318.678 147.932 285.949 280.813 266.541 263.593 230.556 237.03 163.973 158.904 213.206 166.232 151.124 146.112 178.658 258.775 141.672 248.256 218.085
threshold=451.20753746003805 43.500000000000007 4474045.4456061637 3.2484956168492078 12.500000000000002 320.02000000000004 197.68500000000003 250.00500000000002 256.19750000000005 221.27000000000001 7599.5000000000009 468.50000000000006 59791009.917288832 118.50000000000001 48720.38921591176 127.43000000000002 102.50000000000001 11933082.949965119 29.500000000000004 43645383.603641063 318.70958062488967 1984.5000000000002 10.522248046929915 279.85372174054481 214554484.77612111 154.50000000000003 27.500000000000004 15277278.630384052 13082465.382245738 2850.5000000000005
decision_type=2 2 2 2 2 2 2 2 2 2 2 2 2 2 2 2 2 2 2 2 2 2 2 2 2 2 2 2 2 2
left_child=4 5 -3 -4 -1 6 24 9 -9 -8 11 27 14 15 16 -14 -6 18 -16 20 -19 -22 -23 -20 25 26 -2 28 29 -5
right_child=1 2 3 10 12 -7 7 8 -10 -11 -12 -13 13 -15 17 -17 -18 19 23 -21 21 22 -24 -25 -26 -27 -28 -29 -30 -31
leaf_value=-0.085097708530937802 -0.10381876963835497 0.47954372704029091 -0.18569146408699455 -0.057528579716260235 -0.0062088239822386702 -0.22158966582445871 0.1360292030986221 -0.33061538264155388 0.056496185726589633 0.47177943459578925 0.31780699432799309 -0.26911154776811602 -0.060984503380630328 -0.16591758338424067 -0.065611027989928669 0.17482510256776765 0.18072342804752956 -0.055299370957564722 -0.5261683036883672 -0.13756644138844595 -0.012831695845066491 0.10099362298846244 0.45408531278371811 -0.19842414199648536 -0.32166086519137027 -0.14427861605788797 0.37463344775140284 0.11477379918303512 -0.30311999379292781 0.29364341518708637
leaf_weight=549 26 20 32 48 298 42 42 20 63 28 33 25 69 48 76 157 101 284 24 126 118 40 20 34 24 78 20 545 23 28
leaf_count=549 26 20 32 48 298 42 42 20 63 28 33 25 69 48 76 157 101 284 24 126 118 40 20 34 24 78 20 545 23 28
internal_value=4.58694e-11 0.0554533 0.0907814 0.0801884 -0.0312923 -0.0222069 0.00561392 0.103726 -0.0367837 0.270329 0.0923083 0.0811851 -0.0101173 0.0557502 -0.0262169 0.10283 0.0411099 -0.0634238 -0.181798 -0.0364474 -0.0088695 0.0652096 0.218691 -0.334042 -0.0958122 -0.0520996 0.104204 0.0947835 -0.0152638 0.0718506
internal_weight=3041 1097 754 734 1944 343 301 153 83 70 702 669 1395 274 1121 226 399 722 134 588 462 178 60 58 148 124 46 644 99 76
internal_count=3041 1097 754 734 1944 343 301 153 83 70 702 669 1395 274 1121 226 399 722 134 588 462 178 60 58 148 124 46 644 99 76
is_linear=0
shrinkage=0.1


Tree=31
num_leaves=31
num_cat=0
split_feature=4 3 3 1 2 5 3 5 6 4 1 1 1 2 4 1 2 1 0 4 5 4 1 6 4 1 0 5 5 1
split_gain=430.822 353.902 192.434 182.464 179.162 163.463 151.755 147.006 141.603 130.524 289.537 122.908 292.829 114.814 114.581 104.323 123.825 231.628 102.845 119.626 130.65 167.415 121.096 117.224 132.096 87.3161 85.0309 81.3981 309.103 172.477
threshold=1335.71933082348 22.500000000000004 70.500000000000014 225.50000000000003 746.50000000000011 90734131.924937025 167.00000000000003 69833111.551881954 10.354985244879673 557.79992774652828 229.50000000000003 147.50000000000003 160.06500000000003 61.500000000000007 747.48678074560758 179.47150000000002 802.50000000000011 200.01000000000002 413.00000000000006 757.86970760967574 63941350.534727149 573.8808414299566 243.00000000000003 5.4526622289206346 304.17558524532802 131.50500000000002 516.50000000000011 3269706.2912509977 15101777.955556357 104.50000000000001
decision_type=2 2 2 2 2 2 2 2 2 2 2 2 2 2 2 2 2 2 2 2 2 2 2 2 2 2 2 2 2 2
left_child=1 18 3 -2 6 7 13 11 -4 -7 -11 -6 -13 25 26 -14 -17 -18 -1 20 21 23 -23 24 -20 -3 -8 -15 -29 -30
right_child=2 4 8 -5 5 9 14 -9 -10 10 -12 12 15 27 -16 16 17 -19 19 -21 -22 22 -24 -25 -26 -27 -28 28 29 -31
leaf_value=-0.10496889224523094 -0.14363920522086762 -0.25899257969397765 0.44408483548462396 0.17939362708065246 0.25074901715401682 0.38187515890156787 0.015191672955240524 -0.19999826058097508 0.17222115501943158 -0.091439769825627737 0.36106347524775911 -0.31766809877895175 0.2314397257406797 0.071051884363674808 0.13476142443716527 0.26109556076319324 -0.23307016030434641 0.069832448217579543 -0.063979019403211351 -0.22783247314153182 0.10344099821927755 0.3209997479049933 -0.022820448782294989 -0.090945121990123279 0.097577235879290902 -0.023594750128686431 -0.16376256203786896 -0.11861529651464837 -0.12256721981536987 0.044783801119499589
leaf_weight=309 34 26 25 36 31 27 35 23 82 31 26 21 35 242 20 23 31 136 121 31 69 21 20 355 87 40 110 165 67 762
leaf_count=309 34 26 25 36 31 27 35 23 82 31 26 21 35 242 20 23 31 136 121 31 69 21 20 355 87 40 110 165 67 762
internal_value=-3.97941e-10 -0.00935709 0.151405 0.022492 0.0166479 0.077457 0.000730568 0.0429329 0.235741 0.200758 0.114965 0.063104 0.0394577 0.0121803 -0.0896178 0.0727895 0.0435644 0.013605 -0.0568746 -0.035765 -0.0269179 -0.0418099 0.153283 -0.0560173 0.00359499 -0.116327 -0.120567 0.0190423 0.00638001 0.0312584
internal_weight=3041 2864 177 70 1851 384 1467 300 107 84 57 277 246 1302 165 225 190 167 1013 704 673 604 41 563 208 66 145 1236 994 829
internal_count=3041 2864 177 70 1851 384 1467 300 107 84 57 277 246 1302 165 225 190 167 1013 704 673 604 41 563 208 66 145 1236 994 829
is_linear=0
shrinkage=0.1


Tree=32
num_leaves=31
num_cat=0
split_feature=4 3 5 1 0 5 0 3 0 3 0 1 1 1 1 1 3 6 3 1 5 4 6 6 6 1 4 6 1 3
split_gain=365.203 222.526 248.633 201.817 189.615 148.787 227.795 262.668 201.866 254.838 183.096 145.064 237.879 278.877 185.201 147.107 140.061 138.216 168.289 125.562 134.475 207.07 119.5 190.347 137.637 351.742 191.487 221.381 178.937 187.615
threshold=451.20753746003805 43.500000000000007 4474045.4456061637 97.750000000000014 7599.5000000000009 59791009.917288832 603.50000000000011 84.500000000000014 1.0000000180025095e-35 102.50000000000001 219.00000000000003 320.02000000000004 197.68500000000003 250.00500000000002 256.19750000000005 221.27000000000001 187.50000000000003 3.2484956168492078 468.50000000000006 123.00500000000001 39800301.765511505 784.90297998759786 43.620906862861062 51.097989417312533 7.3877903433332479 157.75000000000003 719.75434214259042 6.0957868487677906 194.12500000000003 176.50000000000003
decision_type=2 2 2 2 2 2 2 2 2 2 2 2 2 2 2 2 2 2 2 2 2 2 2 2 2 2 2 2 2 2
left_child=5 11 -3 -4 17 8 -7 -8 9 -1 -10 12 19 15 -15 -14 -12 -5 22 -2 -21 -22 24 -24 26 -26 27 -19 -27 -30
right_child=1 2 3 4 -6 6 7 -9 10 -11 16 -13 13 14 -16 -17 -18 18 -20 20 21 -23 23 -25 25 28 -28 -29 29 -31
leaf_value=-0.021099865927418561 0.14627778857946397 0.42438732346519831 -0.2181726167909801 -0.14797141459481469 0.31852944471663047 -0.1788776252950941 0.13192803603835787 -0.091570893152513433 -0.26594281728778568 0.15722406019668769 -0.046490883751217349 -0.19474161106738308 0.11972858507540965 -0.2980204874649644 0.051260599301802739 0.41563971936702732 -0.24186777213686395 0.15175766054151663 -0.1905102508061606 -0.020650729141198101 -0.076860174595525396 -0.44310423290500278 0.47118154637515541 0.091733610247954345 0.24101433844704712 -0.11819744329109337 0.036373411837746117 0.50571279715125761 0.086887706809032419 -0.14989988763884801
leaf_weight=388 20 20 24 29 31 42 195 72 42 101 1066 42 42 20 63 28 38 67 23 64 38 26 20 39 70 99 85 24 182 41
leaf_count=388 20 20 24 29 31 42 195 72 42 101 1066 42 42 20 63 28 38 67 23 64 38 26 20 39 70 99 85 24 182 41
internal_value=3.92409e-11 0.0461322 0.0765094 0.0670304 0.0766711 -0.0260324 0.0376052 0.0716587 -0.0380593 0.0157319 -0.0610121 -0.0206446 0.00364795 0.0910818 -0.0329035 0.238093 -0.0532158 0.065629 0.0751588 -0.0867398 -0.123149 -0.225647 0.0849043 0.22036 0.070834 0.0378498 0.144299 0.245108 -0.0063164 0.0433528
internal_weight=3041 1097 754 734 710 1944 309 267 1635 489 1146 343 301 153 83 70 1104 679 650 148 128 64 627 59 568 392 176 91 322 223
internal_count=3041 1097 754 734 710 1944 309 267 1635 489 1146 343 301 153 83 70 1104 679 650 148 128 64 627 59 568 392 176 91 322 223
is_linear=0
shrinkage=0.1


Tree=33
num_leaves=31
num_cat=0
split_feature=4 3 3 3 1 2 2 5 4 1 0 3 3 4 4 3 3 5 0 1 1 3 1 6 5 6 4 2 5 6
split_gain=315.964 240.987 149.047 152.064 143.201 126.572 118.255 145.399 132.552 242.924 116.149 136.324 125.26 112.681 117.776 111.743 261.206 131.929 155.532 151.489 290.758 293.657 136.179 130.183 122.39 160.255 164.096 208.689 121.129 110.14
threshold=1335.71933082348 22.500000000000004 70.500000000000014 60.500000000000007 87.750000000000014 1089.5000000000002 746.50000000000011 90734131.924937025 557.79992774652828 229.50000000000003 2747.5000000000005 113.50000000000001 73.500000000000014 332.43324576599565 624.56446228271204 107.50000000000001 101.50000000000001 26267544.16007844 782.50000000000011 157.75000000000003 138.93750000000003 36.500000000000007 119.50000000000001 48.386331638206563 3757233.6571395458 13.745257915099058 515.69999733228963 359.50000000000006 72873934.437938645 11.085825089295049
decision_type=2 2 2 2 2 2 2 2 2 2 2 2 2 2 2 2 2 2 2 2 2 2 2 2 2 2 2 2 2 2
left_child=1 -1 3 -2 -3 -4 15 10 -9 -10 11 12 -8 -12 29 16 17 -6 -19 20 22 -22 -20 -21 -17 -26 -27 -28 -23 -15
right_child=2 4 5 -5 6 -7 7 8 9 -11 13 -13 -14 14 -16 24 -18 18 19 23 21 28 -24 -25 25 26 27 -29 -30 -31
leaf_value=-0.047224366008915442 0.10942476955056191 -0.14549707179719751 0.32000917059183126 -0.2168344022333622 -0.025208375697167447 0.10201865805868518 0.1855082418769598 0.37317883383769257 -0.10602845847606659 0.31846022938306517 -0.17765752342679808 0.35210216167298231 -0.12044040107208749 0.20855426586726133 -0.034563708728832063 0.061225963011384013 0.30562499489995743 -0.12232152543523733 0.14726035389545802 0.010912472310808621 0.58687358654063682 0.28897163075981319 -0.12226095850530423 0.23880572357663402 -0.16522622980332624 -0.11825001147740029 -0.097070461227780291 0.32324887238166955 -0.035723138153553012 -0.055042005621868631
leaf_weight=1013 50 55 50 20 520 57 32 26 28 26 31 22 23 51 117 74 31 51 37 350 23 27 38 27 120 51 21 27 20 23
leaf_count=1013 50 55 50 20 520 57 32 26 28 26 31 22 23 51 117 74 31 51 37 350 23 27 38 27 120 51 21 27 20 23
internal_value=2.77184e-10 -0.00801329 0.129661 0.0162079 0.0134458 0.203883 0.0183132 0.0679292 0.187673 0.098355 0.0358908 0.141719 0.0575661 -0.000815476 0.0278866 0.00504261 0.0193802 0.0112616 0.0443583 0.0606431 0.147507 0.294084 0.0107029 0.0272337 -0.0499588 -0.0875281 0.00665141 0.139359 0.150804 0.126626
internal_weight=3041 2864 177 70 1851 107 1796 379 80 54 299 77 55 222 191 1417 1124 1093 573 522 145 70 75 377 293 219 99 48 47 74
internal_count=3041 2864 177 70 1851 107 1796 379 80 54 299 77 55 222 191 1417 1124 1093 573 522 145 70 75 377 293 219 99 48 47 74
is_linear=0
shrinkage=0.1


Tree=34
num_leaves=31
num_cat=0
split_feature=4 0 2 6 6 3 6 1 3 1 4 3 3 0 1 1 1 1 3 0 4 0 0 1 0 3 0 2 5 2
split_gain=260.845 164.91 207.145 147.928 170.088 263.836 203.717 325.44 245.19 245.101 211.001 191.943 334.198 160.032 144.564 205.433 185.507 151.169 146.121 127.529 126.374 124.166 247.881 132.774 120.587 129.318 113.778 112.864 119.188 158.053
threshold=324.91688173791908 2594.0000000000005 467.50000000000006 51.097989417312533 3.2484956168492078 43.500000000000007 7.7667962829249921 159.49450000000004 27.500000000000004 179.47150000000002 528.11782316764982 77.500000000000014 98.500000000000014 2186.0000000000005 281.50000000000006 309.04600000000005 253.06250000000003 240.10000000000002 1.0000000180025095e-35 1984.5000000000002 500.55539932515961 2724.5000000000005 2850.5000000000005 106.33335000000001 1859.0000000000002 52.500000000000007 1522.5000000000002 353.50000000000006 18094614.356703088 429.50000000000006
decision_type=2 2 2 2 2 2 2 2 2 2 2 2 2 2 2 2 2 2 2 2 2 2 2 2 2 2 2 2 2 2
left_child=14 3 -3 4 5 -2 11 8 -8 -9 -10 13 -13 19 16 -16 17 18 -1 24 -5 -4 -23 -24 25 -6 -11 -28 -29 -30
right_child=1 2 21 20 6 -7 7 9 10 26 -12 12 -14 -15 15 -17 -18 -19 -20 -21 -22 22 23 -25 -26 -27 27 28 29 -31
leaf_value=-0.17939840454321643 -0.013065568029040671 0.34734848302144272 0.24959083511494101 -0.0170106483830346 0.050446926749277712 -0.33479047855644517 -0.14874937574971805 -0.2302124993546921 0.066389385706339135 -0.084772862946556421 0.39749231605153335 0.54095512057344119 0.077054962206801234 -0.15017325781724034 0.32706966085566419 -0.05022998543516282 -0.22105372848992166 0.22010658929745355 -0.025803761407848055 0.32359555691480635 -0.335993629693985 -0.21034284217017041 -0.15445889360629594 0.077901474789189101 -0.16798788734401268 0.28715122562867629 0.18287967163182439 -0.20657800212502481 -0.14249538641709547 0.1698280487122924
leaf_weight=65 112 26 32 27 159 33 22 68 39 128 38 24 44 34 27 31 52 24 1315 20 23 35 26 454 21 27 42 24 26 43
leaf_count=65 112 26 32 27 159 33 22 68 39 128 38 24 44 34 27 31 52 24 1315 20 23 35 26 454 21 27 42 24 26 43
internal_value=2.39344e-10 0.0291626 0.071566 0.00369394 0.0129548 -0.0862857 0.0319138 -0.0134027 0.145671 -0.0609806 0.229791 0.0911421 0.240784 0.0521549 -0.029413 0.12541 -0.0355804 -0.028711 -0.0330383 0.0824595 -0.163743 0.0584575 0.0465812 0.0653153 0.0591613 0.0848072 -0.0172248 0.0468207 -0.0146252 0.052141
internal_weight=3041 1527 573 954 904 145 759 430 99 331 77 329 68 261 1514 58 1456 1404 1380 227 50 547 515 480 207 186 263 135 93 69
internal_count=3041 1527 573 954 904 145 759 430 99 331 77 329 68 261 1514 58 1456 1404 1380 227 50 547 515 480 207 186 263 135 93 69
is_linear=0
shrinkage=0.1


Tree=35
num_leaves=31
num_cat=0
split_feature=4 3 1 1 1 3 0 0 0 2 0 6 6 2 2 3 4 4 3 1 6 2 5 6 4 1 1 0 1 0
split_gain=233.793 181.387 125.619 162.318 167.64 162.216 151.732 148.318 146.745 144.333 295.344 240.203 133.056 205.454 132.846 148.453 114.744 214.922 112.778 135.012 109.665 98.8254 98.5394 157.155 122.704 119.404 218.08 186.459 151.762 140.993
threshold=1335.71933082348 12.500000000000002 201.75000000000003 336.32000000000005 351.00000000000006 414.50000000000006 4986.5000000000009 2076.0000000000005 4333.5000000000009 731.50000000000011 2724.5000000000005 5.2276901729093224 32.22867246387483 241.50000000000003 157.50000000000003 17.500000000000004 739.81494101937403 381.43673493574119 70.500000000000014 225.50000000000003 12.235430524998415 699.00000000000011 26531275.841434155 91.891058549552511 174.80698408914847 159.49450000000004 138.93750000000003 2048.5000000000005 194.12500000000003 800.00000000000011
decision_type=2 2 2 2 2 2 2 2 2 2 2 2 2 2 2 2 2 2 2 2 2 2 2 2 2 2 2 2 2 2
left_child=1 -1 5 12 -5 6 8 -6 9 21 -11 -12 14 -14 -4 -16 17 -13 19 -2 -20 22 -3 24 -24 26 27 -26 -27 -28
right_child=18 2 3 4 7 -7 -8 -9 -10 10 11 16 13 -15 15 -17 -18 -19 20 -21 -22 -23 23 -25 25 28 29 -29 -30 -31
leaf_value=-0.055420478506019888 -0.13006048816091872 -0.044339890039177099 -0.098877921801502427 -0.27349078583140529 0.14228151835299827 -0.22361448207071849 0.19698716923594475 -0.15424910687631177 -0.27328465382258099 0.30403480755842549 -0.24903482558398415 -0.031878024935722352 -0.011801236478442495 0.39988058556423145 0.2791819070176832 0.046910633921941752 -0.088742046271051686 0.43171910822391513 0.33108466565608979 0.14781134521795644 0.10996883392333985 -0.22284968028897825 -0.098783025117842746 -0.22396119479779847 0.054265545914328195 -0.030511357565410437 -0.043929507285356523 -0.27495883092284207 0.17165912133100075 0.24990487536520103
leaf_weight=607 34 566 59 31 37 35 36 31 21 44 29 20 22 27 29 538 21 20 32 36 75 23 74 27 123 272 20 20 43 89
leaf_count=607 34 566 59 31 37 35 36 31 21 44 29 20 22 27 29 538 21 20 32 36 75 23 74 27 123 272 20 20 43 89
internal_value=-6.57224e-11 -0.00689299 0.00615804 0.038814 -0.0807628 -0.0108856 -0.00574366 0.00709844 -0.0109124 -0.00695138 0.0917072 -0.0120975 0.0563519 0.215044 0.0439303 0.0587905 0.100545 0.199921 0.111534 0.012845 0.176097 -0.0174687 -0.0136407 0.0123709 0.0223256 0.0381317 0.0894382 0.00822018 -0.00291348 0.19599
internal_weight=3041 2864 2257 774 99 1483 1448 68 1412 1391 134 90 675 49 626 567 61 40 177 70 107 1257 1234 668 641 567 252 143 315 109
internal_count=3041 2864 2257 774 99 1483 1448 68 1412 1391 134 90 675 49 626 567 61 40 177 70 107 1257 1234 668 641 567 252 143 315 109
is_linear=0
shrinkage=0.1


Tree=36
num_leaves=31
num_cat=0
split_feature=1 4 3 3 3 6 3 1 2 5 5 6 6 4 3 5 5 5 5 2 2 5 4 1 3 3 2 5 6 0
split_gain=213.685 215.295 128.62 91.8678 153.278 135.192 90.0435 221.962 97.4286 127.103 218.992 137.287 185.137 152.432 131.57 87.1178 125.932 80.6681 116.293 104.744 95.5368 88.9517 89.1165 75.5066 71.777 163.892 142.931 105.681 148.86 120.472
threshold=60.005000000000003 1335.71933082348 22.500000000000004 70.500000000000014 41.500000000000007 10.354985244879673 414.50000000000006 165.50000000000003 762.50000000000011 90734131.924937025 69833111.551881954 9.7496228409516963 7.7667962829249921 643.48348205739683 143.50000000000003 43974204.937415004 31331576.07873261 228725698.83263284 64933159.7874934 139.50000000000003 699.00000000000011 38731621.230445333 573.8808414299566 240.10000000000002 107.50000000000001 101.50000000000001 672.50000000000011 3757233.6571395458 7.5234631431368229 2027.0000000000002
decision_type=2 2 2 2 2 2 2 2 2 2 2 2 2 2 2 2 2 2 2 2 2 2 2 2 2 2 2 2 2 2
left_child=-1 2 17 4 -3 -5 8 -8 24 10 11 12 14 -13 15 16 -10 18 20 -20 21 22 -2 -24 25 -4 27 -26 -29 -30
right_child=1 3 6 5 -6 -7 7 -9 9 -11 -12 13 -14 -15 -16 -17 -18 -19 19 -21 -22 -23 23 -25 26 -27 -28 28 29 -31
leaf_value=-0.24566263128604207 -0.028170663153968097 0.18413079409830033 0.0088251753281257516 0.37777467245856922 -0.11731729886016332 0.10792902602655133 -0.36448593224797932 0.085181716181661774 -0.015974781027919539 0.17739487942063104 -0.28744849205017092 0.34315695213774844 -0.23408940161267916 0.055811513060083001 0.24580633171967101 -0.18564222857356072 0.2668392886221409 -0.20008006968668532 -0.027633841848000884 0.22628138435609416 -0.20422537241018182 -0.12499335206631157 0.24940784986723555 -0.015689760304632643 0.091151475680596908 0.23832016829401256 -0.26417414442850995 -0.18490672877943906 -0.070451781552504089 0.12278574908582063
leaf_weight=35 735 31 1129 24 37 82 21 23 74 76 20 30 27 48 28 20 20 28 32 33 33 90 22 21 66 32 26 61 85 52
leaf_count=35 735 31 1129 24 37 82 21 23 74 76 20 30 27 48 28 20 20 28 32 33 33 90 22 21 66 32 26 61 85 52
internal_value=-5.4636e-11 0.00286034 -0.00377327 0.110828 0.0201076 0.169026 0.0118989 -0.129432 0.0153652 0.0632964 0.030819 0.0565896 0.00594066 0.166329 0.0515802 0.0038755 0.0441984 -0.0327525 -0.0279025 0.101277 -0.0372217 -0.0308725 -0.0199845 0.119942 0.00403479 0.0151506 -0.0404668 -0.0184351 -0.0549639 0.00289385
internal_weight=3041 3006 2832 174 68 106 1838 44 1794 343 267 247 169 78 142 114 94 994 966 65 901 868 778 43 1451 1161 290 264 198 137
internal_count=3041 3006 2832 174 68 106 1838 44 1794 343 267 247 169 78 142 114 94 994 966 65 901 868 778 43 1451 1161 290 264 198 137
is_linear=0
shrinkage=0.1


Tree=37
num_leaves=31
num_cat=0
split_feature=1 4 3 0 0 2 3 1 2 2 1 6 5 0 2 1 2 4 0 1 0 4 2 3 6 3 0 1 1 2
split_gain=173.085 174.389 111.056 91.0895 140.758 79.4708 97.2003 143.234 82.5001 134.187 102.435 149.567 110.313 173.441 113.087 154.32 94.1656 91.6066 82.72 73.7628 65.29 64.0821 63.4868 257.913 121.007 180.603 68.3064 62.17 128.976 85.0213
threshold=60.005000000000003 1335.71933082348 8.5000000000000018 2323.0000000000005 3318.5000000000005 10.500000000000002 414.50000000000006 165.50000000000003 825.00000000000011 802.50000000000011 152.50000000000003 8.5897244609334376 17016285.363819066 3120.0000000000005 931.50000000000011 175.01000000000002 762.50000000000011 943.82908597191397 3567.0000000000005 211.50000000000003 3862.5000000000005 610.89428057691021 653.50000000000011 111.50000000000001 11.369414761471898 66.500000000000014 2323.0000000000005 313.00000000000006 292.50000000000006 437.50000000000006
decision_type=2 2 2 2 2 2 2 2 2 2 2 2 2 2 2 2 2 2 2 2 2 2 2 2 2 2 2 2 2 2
left_child=-1 2 -2 -3 -5 -4 8 -8 9 16 11 -10 19 -14 -15 -16 18 21 22 -12 -6 -17 27 24 25 26 -24 28 -7 -29
right_child=1 3 5 4 20 6 7 -9 10 -11 12 -13 13 14 15 17 -18 -19 -20 -21 -22 -23 23 -25 -26 -27 -28 29 -30 -31
leaf_value=-0.22109636792114806 -0.049444060143487893 -0.055653154850006104 -0.12225298375512164 0.34897882974147798 -0.067617490650577983 0.0014222271492271446 -0.32803733802977064 0.037083262679251758 0.050489608799257596 -0.23198662822445237 -0.20238756752676434 0.40124733358621595 0.30821262615974304 0.19282434071813312 -0.22216878489211755 0.040410834930550595 0.16846714113439834 -0.084147728497491164 -0.15400440713221378 0.005830878343271173 0.12337541962818553 0.24809372052550316 -0.023751548826694488 -0.2071107451915741 -0.042749547828798709 0.47506528288125999 0.21821610586983817 -0.0088256395732363071 0.19817967458682903 -0.21066560116596522
leaf_weight=35 442 31 48 25 22 1655 21 22 31 24 27 20 27 35 27 39 35 34 33 46 96 24 20 25 23 20 28 60 34 32
leaf_count=35 442 31 48 25 22 1655 21 22 31 24 27 20 27 35 27 39 35 34 33 46 96 24 20 25 23 20 28 60 34 32
internal_value=2.89963e-10 0.00257431 -0.00339594 0.0997453 0.133433 0.00512007 0.00773062 -0.141231 0.0105168 0.00303816 0.0585005 0.188042 0.0329924 0.0738779 0.0340852 -0.0107202 0.00590869 0.0481366 0.00296074 -0.0711814 0.0877666 0.119528 0.00569129 0.0773734 0.155528 0.222593 0.117396 0.00102249 0.005383 -0.0790308
internal_weight=3041 3006 2832 174 143 2390 2342 43 2299 1989 310 51 259 186 159 124 1965 97 1930 73 118 63 1897 116 91 68 48 1781 1689 92
internal_count=3041 3006 2832 174 143 2390 2342 43 2299 1989 310 51 259 186 159 124 1965 97 1930 73 118 63 1897 116 91 68 48 1781 1689 92
is_linear=0
shrinkage=0.1


Tree=38
num_leaves=31
num_cat=0
split_feature=1 4 5 5 3 2 2 2 0 3 4 5 4 5 0 3 2 4 2 1 4 6 3 0 1 4 2 0 6 0
split_gain=140.199 157.392 134.248 137.228 125.765 125.213 103.072 90.2714 78.2703 76.6688 50.9129 141.747 234.174 218.255 197.775 209.693 187.579 118.486 280.168 137.895 142.793 179.162 110.644 111.408 108.643 105.29 124.739 266.651 161.879 191.494
threshold=60.005000000000003 3187.8125545118064 1345941013.0697498 368321334.59963793 57.500000000000007 1385.5000000000002 1283.5000000000002 1213.0000000000002 4908.5000000000009 8.5000000000000018 451.20753746003805 82194611.370057955 564.25232106720875 71789081.268084109 2813.0000000000005 59.500000000000007 952.00000000000011 569.22703213779903 170.50000000000003 151.10050000000004 479.8623640829174 7.4538899345846259 60.500000000000007 2179.5000000000005 298.50000000000006 620.53407172579307 370.50000000000006 1444.5000000000002 22.593585233110421 3785.5000000000005
decision_type=2 2 2 2 2 2 2 2 2 2 2 2 2 2 2 2 2 2 2 2 2 2 2 2 2 2 2 2 2 2
left_child=-1 2 3 5 -5 6 7 9 -7 -2 24 13 -13 17 15 -14 -16 19 -19 -12 21 -21 -22 -24 -11 -20 27 -27 29 -28
right_child=1 -3 -4 4 -6 8 -8 -9 -10 10 11 12 14 -15 16 -17 -18 18 25 20 22 -23 23 -25 -26 26 28 -29 -30 -31
leaf_value=-0.19898673687662399 -0.043480348751661721 0.24728987314380133 -0.24593329781835732 -0.0023865755399068199 0.2785248409408857 0.28056457128375767 -0.20361525814693709 0.19818209409713747 0.063105820266840362 -0.014999631931736894 0.15950983599308999 0.15741618095259918 -0.085654023084789518 0.30580257614453638 0.1474455676167398 -0.43215974127092677 -0.22674736575711343 0.37075210213661197 0.16218568199645667 0.26085589794814584 -0.052490371378598279 -0.14069780826568604 -0.071067421976476905 -0.38499918969777913 0.12029907633700679 0.18585293761321478 0.049058772242324036 -0.24725143672390418 0.19077678913342172 -0.19134806144516917
leaf_weight=35 439 26 22 30 34 20 26 22 96 1388 31 38 40 30 37 31 21 27 59 25 77 20 20 26 62 21 193 44 61 40
leaf_count=35 439 26 22 30 34 20 26 22 96 1388 31 38 40 30 37 31 21 27 59 25 77 20 20 26 62 21 193 44 61 40
internal_value=5.67491e-10 0.00231688 0.00017953 0.00200998 0.146848 -0.00119306 -0.00544354 -0.00357128 0.100599 -0.00519713 0.00213867 0.021713 -0.0607635 0.0421486 -0.125034 -0.236945 0.0119619 0.0298666 0.0585504 -0.0342756 -0.0700336 0.0823876 -0.125797 -0.248507 -0.00921445 0.0383842 0.018038 -0.107325 0.0457544 0.00778721
internal_weight=3041 3006 2980 2958 64 2894 2778 2752 116 2730 2291 841 167 674 129 71 58 644 445 199 168 45 123 46 1450 418 359 65 294 233
internal_count=3041 3006 2980 2958 64 2894 2778 2752 116 2730 2291 841 167 674 129 71 58 644 445 199 168 45 123 46 1450 418 359 65 294 233
is_linear=0
shrinkage=0.1


Tree=39
num_leaves=31
num_cat=0
split_feature=1 4 5 5 3 2 2 2 3 2 2 3 0 2 2 5 5 3 4 1 1 2 3 1 1 6 2 5 1 3
split_gain=113.561 127.487 108.741 111.155 101.869 101.423 83.4883 73.1198 65.1901 119.773 63.6612 137.413 63.3989 54.5713 123.285 114.061 162.569 370.62 104.458 128.93 79.6627 185.828 184.553 152.395 136.391 133.676 105.764 96.2753 85.7451 119.641
threshold=60.005000000000003 3187.8125545118064 1345941013.0697498 368321334.59963793 57.500000000000007 1385.5000000000002 1283.5000000000002 1213.0000000000002 2.5000000000000004 1.0000000180025095e-35 10.500000000000002 468.50000000000006 4908.5000000000009 649.50000000000011 666.50000000000011 270101501.20562363 167618415.17669168 48.500000000000007 1086.18076679419 226.75000000000003 177.50000000000003 724.50000000000011 105.50000000000001 154.50000000000003 191.20300000000003 4.0541807788930084 690.50000000000011 48096203.26954072 247.50000000000003 36.500000000000007
decision_type=2 2 2 2 2 2 2 2 2 2 2 2 2 2 2 2 2 2 2 2 2 2 2 2 2 2 2 2 2 2
left_child=-1 2 3 5 -5 6 7 8 9 -2 -10 13 -7 15 -15 16 18 -18 -12 -20 21 -16 25 -24 -22 -23 -26 -27 -28 -30
right_child=1 -3 -4 4 -6 12 -8 -9 10 -11 11 -13 -14 14 20 -17 17 -19 19 -21 24 22 23 -25 26 27 28 -29 29 -31
leaf_value=-0.1790880587058408 0.1128188893198967 0.22256088428772414 -0.22133997028524224 -0.0021479185422261559 0.25067235520657372 0.2525081090629101 -0.18325373392838698 0.17836388498544695 -0.08346670538859649 -0.1091753563247039 -0.00079133180469207051 -0.25256881188778652 0.056795239237059529 0.24737292482302739 -0.14412716236607781 -0.23449443465187436 0.4420583982880299 -0.086915026329181813 -0.30245217107809508 -0.0066334076664027047 -0.19966932255210301 -0.16489284624430267 0.12258879795022633 0.49518505051022488 0.23735404290258885 0.27574837195376556 -0.069805832521296018 0.00048084126578436964 -0.16011972108057568 0.10363347686435048
leaf_weight=35 30 26 22 30 34 20 26 22 90 128 1884 21 96 26 29 21 26 27 26 34 33 22 23 21 20 24 102 27 21 95
leaf_count=35 30 26 22 30 34 20 26 22 90 128 1884 21 96 26 29 21 26 27 26 34 33 22 23 21 20 24 102 27 21 95
internal_value=1.64598e-10 0.00208519 0.000161577 0.00180899 0.132163 -0.00107375 -0.00489919 -0.00321415 -0.00467742 -0.0670246 -0.000847387 0.00214848 0.0905388 0.00432201 0.0361043 -0.00265497 -0.000217 0.172581 -0.00492807 -0.134822 0.0229317 0.0824797 0.138647 0.300419 -0.00914958 0.0411411 0.017267 0.130019 -0.00292444 0.0558851
internal_weight=3041 3006 2980 2958 64 2894 2778 2752 2730 158 2572 2482 116 2461 443 2018 1997 53 1944 60 417 146 117 44 271 73 238 51 218 116
internal_count=3041 3006 2980 2958 64 2894 2778 2752 2730 158 2572 2482 116 2461 443 2018 1997 53 1944 60 417 146 117 44 271 73 238 51 218 116
is_linear=0
shrinkage=0.1


Tree=40
num_leaves=31
num_cat=0
split_feature=1 4 6 3 2 1 1 0 1 3 6 6 3 4 2 4 4 5 1 2 3 4 5 5 5 5 4 1 4 0
split_gain=91.9843 104.002 83.6357 94.5399 70.4853 104.713 142.911 137.005 97.7878 134.753 110.028 100.562 92.9818 110.787 101.946 89.9661 219.325 75.2767 118.928 151.459 147.28 155.079 251.456 99.8201 137.279 104.59 134.861 150.713 185.355 123.312
threshold=60.005000000000003 1335.71933082348 7.3877903433332479 67.500000000000014 280.50000000000006 339.82000000000005 359.00000000000006 2076.0000000000005 234.18750000000003 14.500000000000002 1.2751377119277258 22.593585233110421 71.500000000000014 442.67393870720224 538.50000000000011 763.55033632469815 659.34582714207249 24947485.98805806 177.50000000000003 907.50000000000011 50.500000000000007 596.30471005728566 2069447.8776348832 36371381.212523907 33901861.368271641 55584553.059548296 573.8808414299566 179.47150000000002 818.87038247563771 1350.5000000000002
decision_type=2 2 2 2 2 2 2 2 2 2 2 2 2 2 2 2 2 2 2 2 2 2 2 2 2 2 2 2 2 2
left_child=-1 4 3 -3 15 8 -7 -8 17 -10 -11 12 13 -12 -14 16 -2 18 20 -20 -6 22 -22 24 -19 -25 29 28 -28 -27
right_child=1 2 -4 -5 5 6 7 -9 9 10 11 -13 14 -15 -16 -17 -18 23 19 -21 21 -23 -24 25 -26 26 27 -29 -30 -31
leaf_value=-0.16117925545998982 -0.021242582148024727 0.053595863992259622 0.038423965745990663 0.35738678246736533 -0.066908266908058553 -0.29076564459560011 0.15146306178399496 -0.15142986194696278 -0.15966702414055667 0.23252855437723075 -0.042040109042173784 0.24282589466483506 -0.19977734591122029 0.16269775385877527 0.028961227951305252 -0.16906696710831082 0.25232285592394571 0.048772519317269329 -0.04869129548949952 -0.31838766203626345 0.15397496634281019 0.35476469829678536 -0.18739150033122109 -0.058818818550070699 0.28089715136447924 -0.1414274936169386 -0.29010840038190017 0.093772960588336007 0.022337853328253218 0.12149763565397625
leaf_weight=35 1268 21 133 20 93 26 28 32 24 44 39 27 27 82 70 39 30 125 220 23 71 20 31 170 32 20 37 50 39 165
leaf_count=35 1268 21 133 20 93 26 28 32 24 44 39 27 27 82 70 39 30 125 220 23 71 20 31 170 32 20 37 50 39 165
internal_value=-8.19788e-11 0.00187667 0.0769174 0.201787 -0.00273389 0.0121854 -0.0949383 -0.0100798 0.0187238 0.0680208 0.0869291 0.0607806 0.0382337 0.0967079 -0.0347083 -0.0194162 -0.0149198 0.0046454 -0.0262862 -0.0742181 0.027888 0.100151 0.0502263 0.0268502 0.0960845 0.00425192 0.0387279 -0.041065 -0.129774 0.0930733
internal_weight=3041 3006 174 41 2832 1495 86 60 1409 313 289 245 218 121 97 1337 1298 1096 458 243 215 122 102 638 157 481 311 126 76 185
internal_count=3041 3006 174 41 2832 1495 86 60 1409 313 289 245 218 121 97 1337 1298 1096 458 243 215 122 102 638 157 481 311 126 76 185
is_linear=0
shrinkage=0.1


Tree=41
num_leaves=31
num_cat=0
split_feature=4 0 3 0 5 3 5 2 1 4 3 2 5 5 0 6 6 3 1 4 4 4 6 2 3 1 1 6 3 1
split_gain=86.3528 120.485 199.848 170.114 128.061 120.821 70.8565 109.877 87.4166 78.9384 66.2157 62.1517 61.2542 96.0026 120.524 132.491 120.516 106.176 99.6322 97.8758 194.734 95.5212 90.3157 107.636 83.5103 80.9755 221.951 318.428 227.627 220.947
threshold=283.22808409181567 1.0000000180025095e-35 113.50000000000001 253.50000000000003 180770203.56898129 102.50000000000001 11933082.949965119 146.50000000000003 221.27000000000001 174.80698408914847 36.500000000000007 246.50000000000003 6598216.1260030018 15457154.045217203 709.00000000000011 1.5808585656029195 3.1044076595989156 36.500000000000007 182.50000000000003 1127.8319681022681 624.56446228271204 582.88772148531439 4.7509219265188474 363.50000000000006 10.500000000000002 194.12500000000003 157.75000000000003 7.3877903433332479 56.500000000000007 150.18175000000002
decision_type=2 2 2 2 2 2 2 2 2 2 2 2 2 2 2 2 2 2 2 2 2 2 2 2 2 2 2 2 2 2
left_child=1 5 3 -3 6 -1 7 -5 9 10 -8 -4 22 19 -15 -16 17 18 -17 20 21 -14 23 -2 -18 26 29 28 -28 -26
right_child=12 2 11 4 -6 -7 8 -9 -10 -11 -12 -13 13 14 15 16 24 -19 -20 -21 -22 -23 -24 -25 25 -27 27 -29 -30 -31
leaf_value=-0.00558956987944614 0.11180932604604298 -0.19813668584184987 -0.10569923697482973 -0.031861973960405673 0.17839107997715475 0.11719668742896308 -0.028072326622828089 -0.19965815411986046 -0.19994160262021154 0.029662729679239969 -0.213216337156094 -0.33159226949872644 -0.03977785522287542 -0.098082292383467717 0.24691888270554721 -0.13153940117494628 -0.14217791331035121 -0.20774072992002091 0.17297873908565159 0.12874819286938372 -0.22208107732236387 0.19163038637489083 0.13520931409711534 -0.17325819547359761 0.044854582833255281 0.063546146036707371 -0.031564762818789671 -0.11512888235451524 0.25749140575450535 0.32766853220527992
leaf_weight=388 27 56 21 148 32 101 99 53 22 330 24 29 165 81 27 22 27 41 21 29 60 20 94 26 202 538 63 215 48 32
leaf_count=388 27 56 21 148 32 101 99 53 22 330 24 29 165 81 27 22 27 41 21 29 60 20 94 26 202 538 63 215 48 32
internal_value=1.93829e-10 -0.0194618 -0.0430305 -0.0303547 -0.0170838 0.0197712 -0.026337 -0.0761067 -0.00527656 0.00417737 -0.064198 -0.236717 0.0145907 0.00888428 0.0200887 0.0278329 0.0229402 -0.0926034 0.0171788 -0.0449705 -0.0655331 -0.0147607 0.0763525 -0.0280351 0.0315674 0.0358398 0.00922199 -0.0441157 0.0934325 0.08353
internal_weight=3041 1303 814 764 708 489 676 201 475 453 123 50 1738 1591 1317 1236 1209 84 43 274 245 185 147 53 1125 1098 560 326 111 234
internal_count=3041 1303 814 764 708 489 676 201 475 453 123 50 1738 1591 1317 1236 1209 84 43 274 245 185 147 53 1125 1098 560 326 111 234
is_linear=0
shrinkage=0.1


Tree=42
num_leaves=31
num_cat=0
split_feature=1 4 5 5 3 0 4 4 3 6 0 6 5 3 1 0 2 1 1 6 5 0 3 5 3 2 3 4 4 0
split_gain=70.2277 90.3856 90.2854 78.0233 77.0322 72.7237 61.3399 87.862 158.364 150.161 66.1133 76.3209 73.5394 60.2713 59.8778 221.891 248.516 143.272 107.376 94.7306 91.5853 69.4746 157.452 67.3304 122.37 93.205 122.384 72.4614 57.3387 56.9813
threshold=60.005000000000003 3187.8125545118064 1345941013.0697498 368321334.59963793 57.500000000000007 7599.5000000000009 2006.0470869618991 1335.71933082348 552.00000000000011 12.235430524998415 4986.5000000000009 180.99186426589245 33629547.574562855 124.50000000000001 140.12500000000003 2827.5000000000005 614.50000000000011 119.50000000000001 144.42850000000001 7.9294262149348489 72873934.437938645 4211.5000000000009 84.500000000000014 82194611.370057955 32.500000000000007 167.50000000000003 90.500000000000014 186.08532183537179 659.34582714207249 2594.0000000000005
decision_type=2 2 2 2 2 2 2 2 2 2 2 2 2 2 2 2 2 2 2 2 2 2 2 2 2 2 2 2 2 2
left_child=-1 2 3 5 -5 6 7 8 10 -9 11 14 -12 -11 15 16 17 23 -16 -19 -21 29 -23 24 27 -26 -27 -2 -14 -20
right_child=1 -3 -4 4 -6 -7 -8 9 -10 13 12 -13 28 -15 18 -17 -18 19 21 20 -22 22 -24 -25 25 26 -28 -29 -30 -31
leaf_value=-0.14083370949540819 -0.051472222325829868 0.18728195191002811 -0.20181119441986084 -0.0060615221659342453 0.21378825565471368 0.14237815105489324 -0.1652978057284718 0.24039071751758456 -0.28489952117204664 -0.12928383851051331 0.23900244158247244 -0.1997047308832407 0.15708217278122905 0.088178391106283449 0.2193937748670578 -0.30128908383435221 0.32853806614875797 -0.13261984848311242 -0.0020822425915402354 -0.057243819258399997 0.177103980808031 0.10302949473261834 -0.25919953222076098 -0.095465242354707283 0.31386528222457222 0.20930541397205424 -0.10587319027293812 0.089471883959365339 -0.058759722998365765 0.045733757487437833
leaf_weight=35 117 26 22 30 34 35 23 40 20 25 23 20 20 26 23 29 20 158 1668 81 21 20 30 44 23 28 22 53 32 293
leaf_count=35 117 26 22 30 34 35 23 40 20 25 23 20 20 26 23 29 20 158 1668 81 21 20 30 44 23 28 22 53 32 293
internal_value=-3.43871e-10 0.00163978 2.00832e-05 0.00152119 0.110734 -0.000894009 -0.00264795 -0.00132886 -0.00453363 0.0953425 -0.0024759 -0.00509631 0.0901118 -0.0184207 -0.0036164 -0.0314909 -0.0176917 -0.030351 0.00455136 -0.0841212 -0.00899574 0.00209419 -0.114308 0.0183607 0.0389712 0.147264 0.0706268 -0.00753082 0.0242564 0.00506212
internal_weight=3041 3006 2980 2958 64 2894 2859 2836 2745 91 2725 2650 75 51 2630 596 567 547 2034 260 102 2011 50 287 243 73 50 170 52 1961
internal_count=3041 3006 2980 2958 64 2894 2859 2836 2745 91 2725 2650 75 51 2630 596 567 547 2034 260 102 2011 50 287 243 73 50 170 52 1961
is_linear=0
shrinkage=0.1


Tree=43
num_leaves=31
num_cat=0
split_feature=3 2 2 2 2 4 5 2 2 3 4 5 0 2 5 6 5 2 0 0 3 5 5 6 6 2 5 6 6 1
split_gain=63.503 91.1235 54.5992 118.394 113.63 91.3194 73.6813 53.073 48.4701 87.0046 66.885 86.1668 156.711 132.099 82.5608 143.691 139.427 146.14 63.3635 103.856 85.0241 63.797 119.663 144.271 220.191 200.741 114.896 109.62 137.277 140.558
threshold=2.5000000000000004 164.50000000000003 2500.5000000000005 1939.5000000000002 1666.0000000000002 3187.8125545118064 1345941013.0697498 1.0000000180025095e-35 10.500000000000002 468.50000000000006 2006.0470869618991 150458916.54847887 839.50000000000011 189.50000000000003 208437723.00751349 12.692782056283393 368321334.59963793 731.50000000000011 4736.5000000000009 4333.5000000000009 124.50000000000001 82194611.370057955 65727538.852661394 21.387483298078934 9.0614764569745034 411.50000000000006 90734131.924937025 8.5897244609334376 14.560619276347145 187.83300000000003
decision_type=2 2 2 2 2 2 2 2 2 2 2 2 2 2 2 2 2 2 2 2 2 2 2 2 2 2 2 2 2 2
left_child=1 7 3 4 5 6 8 -1 -2 10 11 18 -13 -14 15 -15 17 -16 19 21 -20 22 -10 24 25 -24 -23 -28 -29 -30
right_child=2 -3 -4 -5 -6 -7 -8 -9 9 -11 -12 12 13 14 16 -17 -18 -19 20 -21 -22 26 23 -25 -26 -27 27 28 29 -31
leaf_value=0.084498756499059746 -0.067333057399877577 -0.24990184225819331 0.16410456266076792 -0.21890153897305331 0.22081066407263281 0.20073249178088229 -0.18163007772104309 -0.063493412126459786 0.0020086004798719067 -0.16192194722112149 -0.14443991049353419 -0.14769823791252243 0.35320760309696198 0.34825009480118752 -0.2164031364955008 -0.011363585889339448 0.16812959917281803 0.12818152625113727 -0.023169010070463025 -0.20665333128223817 0.18405426207252526 -0.26312875125719154 -0.0071461817249655725 0.35381790820509196 -0.15056543904356659 0.3939147010445595 -0.11827212157609342 0.21905252741229153 -0.15241772957528249 0.16847601731618245
leaf_weight=31 97 22 21 24 24 23 22 111 2034 31 29 27 20 25 32 20 38 20 36 24 44 23 26 20 32 24 70 31 39 21
leaf_count=31 97 22 21 24 24 23 22 111 2034 31 29 27 20 25 32 20 38 20 36 24 44 23 26 20 32 24 70 31 39 21
internal_value=-8.0549e-11 -0.0605253 0.00345017 0.00226889 0.00414322 0.00229136 0.000652526 -0.0311853 0.00210393 0.00463033 0.00658977 0.00827045 0.0746315 0.11336 0.0778269 0.188422 0.0225295 -0.0838706 0.00328789 0.000301004 0.0908038 0.00244191 0.00730895 0.113004 0.054269 0.185363 -0.054058 -0.0241908 0.0481795 -0.0401049
internal_weight=3041 164 2877 2856 2832 2808 2785 142 2763 2666 2635 2606 182 155 135 45 90 52 2424 2344 80 2320 2136 102 82 50 184 161 91 60
internal_count=3041 164 2877 2856 2832 2808 2785 142 2763 2666 2635 2606 182 155 135 45 90 52 2424 2344 80 2320 2136 102 82 50 184 161 91 60
is_linear=0
shrinkage=0.1


Tree=44
num_leaves=31
num_cat=0
split_feature=4 1 1 1 2 2 2 2 2 2 1 2 3 0 0 1 4 5 2 1 3 5 0 6 6 5 1 3 1 4
split_gain=54.4072 107.2 121.651 87.039 111.294 78.9471 63.0733 281.01 145.218 102.906 83.8075 165.744 121.979 63.3183 72.6589 62.1279 56.6827 54.849 80.5207 101.028 79.0157 76.9328 87.233 99.9722 91.05 78.7836 106.071 78.637 74.1016 70.8751
threshold=283.22808409181567 289.00000000000006 253.06250000000003 240.10000000000002 1021.0000000000001 251.50000000000003 395.50000000000006 417.50000000000006 444.50000000000006 477.50000000000006 215.25000000000003 649.50000000000011 56.500000000000007 1536.0000000000002 1350.5000000000002 149.92100000000002 229.39423059423061 6598216.1260030018 167.50000000000003 219.00000000000003 21.500000000000004 15457154.045217203 709.00000000000011 1.5808585656029195 3.1044076595989156 17599563.061578128 199.50000000000003 36.500000000000007 182.50000000000003 1127.8319681022681
decision_type=2 2 2 2 2 2 2 2 2 2 2 2 2 2 2 2 2 2 2 2 2 2 2 2 2 2 2 2 2 2
left_child=1 2 3 4 6 -4 13 -8 -9 -10 11 15 -13 14 -1 -11 -15 18 19 -2 -20 29 -23 -24 27 26 -26 28 -25 -19
right_child=17 -3 5 -5 -6 -7 7 8 9 10 -12 12 -14 16 -16 -17 -18 21 20 -21 -22 22 23 24 25 -27 -28 -29 -30 -31
leaf_value=-0.024996712766223353 0.29910743821944513 0.1500447587355187 -0.030687931776046753 0.19249958120286467 -0.22662678581476212 -0.29495630676929768 0.39194194674491883 -0.25671921774744988 0.2248722668575204 0.073117325160031527 -0.16201108903796585 -0.0076042390118042638 0.29062881595455109 -0.26659250512719151 0.11808946294256964 -0.1191868024745158 -0.033985020084814598 -0.059526380815980384 -0.10688894908217823 0.019506416625032823 0.083356431639585338 -0.084322531272967668 0.21311012959038772 -0.11565777376632801 -0.032059139907360083 0.02028216717413972 0.26332476407049166 -0.1809667971802921 0.1469616969426473 0.10579920313481628
leaf_weight=869 28 38 20 20 25 26 20 20 23 24 27 24 32 20 37 56 22 245 34 24 61 81 27 22 20 1074 31 41 21 29
leaf_count=869 28 38 20 20 25 26 20 20 23 24 27 24 32 20 37 56 22 245 34 24 61 81 27 22 20 1074 31 41 21 29
internal_value=-1.01378e-10 -0.015448 -0.0204193 -0.0143953 -0.0178464 -0.180057 -0.0134005 0.0340716 -0.000673041 0.0268588 -0.00108174 0.0308675 0.162815 -0.0247177 -0.0191532 -0.0614956 -0.14475 0.0115816 0.070025 0.170061 0.0152686 0.0061817 0.0162117 0.0228002 0.0185501 0.0260488 0.147488 -0.0818799 0.0125982 -0.0420284
internal_weight=3041 1303 1265 1219 1199 46 1174 226 206 186 163 136 56 948 906 80 42 1738 147 52 95 1591 1317 1236 1209 1125 51 84 43 274
internal_count=3041 1303 1265 1219 1199 46 1174 226 206 186 163 136 56 948 906 80 42 1738 147 52 95 1591 1317 1236 1209 1125 51 84 43 274
is_linear=0
shrinkage=0.1


Tree=45
num_leaves=31
num_cat=0
split_feature=1 4 5 5 0 0 2 2 2 3 6 6 3 2 4 6 5 1 3 1 4 0 2 1 1 1 0 2 0 6
split_gain=51.4905 58.9495 59.2933 53.4347 51.1457 47.4588 79.6994 62.4091 68.0558 53.1404 48.8762 39.5746 35.3402 58.2747 36.8534 104.967 138.673 119.836 115.461 122.06 98.2476 79.9568 138.285 140.367 263.68 181.701 134.817 128.309 113.421 129.786
threshold=60.005000000000003 3187.8125545118064 1345941013.0697498 417014072.37469321 7599.5000000000009 6194.0000000000009 1385.5000000000002 1283.5000000000002 1213.0000000000002 98.500000000000014 180.99186426589245 15.900663564685514 2.5000000000000004 1.0000000180025095e-35 451.20753746003805 31.615339672495157 208437723.00751349 150.18175000000002 43.500000000000007 199.50000000000003 472.88893596455273 3760.5000000000005 829.50000000000011 252.42750000000004 240.10000000000002 256.19750000000005 2556.5000000000005 225.50000000000003 1522.5000000000002 6.327516834075321
decision_type=2 2 2 2 2 2 2 2 2 2 2 2 2 2 2 2 2 2 2 2 2 2 2 2 2 2 2 2 2 2
left_child=-1 2 3 4 5 6 7 8 10 -8 12 -5 13 -2 -14 16 20 -17 -19 -20 -16 22 23 24 27 -25 -27 -22 -29 -30
right_child=1 -3 -4 11 -6 -7 9 -9 -10 -11 -12 -13 14 -15 15 17 -18 18 19 -21 21 -23 -24 25 -26 26 -28 28 29 -31
leaf_value=-0.12059126245123999 0.079453592901599826 0.15132661169538131 -0.1634659010239623 0.16318252252148732 0.11959875004632133 -0.1212519432559158 0.22101245559751989 -0.17085741060701284 0.17341925149614162 0.031096388503689978 -0.15514146167607534 -0.01046103508699508 -0.0077520501162211724 -0.077771467154490806 0.16631827577948571 0.33237954512238505 -0.19562533506841373 -0.11477388309744688 -0.036613309059454049 0.26348184107831035 0.15765551403164865 -0.08569209691356211 0.1826147055213756 -0.34391823763197121 0.38871128141880035 0.020837369614677265 -0.22714901939034463 -0.13699544768647426 -0.075910939605153632 0.069201695267631355
leaf_weight=35 29 26 22 35 35 33 26 22 22 34 21 21 1692 126 40 20 33 26 23 33 55 85 47 22 20 101 28 56 94 179
leaf_count=35 29 26 22 35 35 33 26 22 22 34 21 21 1692 126 40 20 33 26 23 33 55 85 47 22 20 101 28 56 94 179
internal_value=-9.44798e-12 0.00140409 9.6041e-05 0.00131253 -0.000554533 -0.00202135 -0.000632991 -0.00309931 -0.00175822 0.113393 -0.00316991 0.0980662 -0.00199184 -0.0483552 0.000821912 0.0176515 0.00486759 0.112905 0.0593741 0.140228 0.0139684 0.00509792 0.0179171 0.00396975 0.0347154 -0.0782901 -0.0329891 0.0162781 -0.00735644 0.0192362
internal_weight=3041 3006 2980 2958 2902 2867 2834 2774 2752 60 2730 56 2709 155 2554 862 760 102 82 56 727 687 602 555 404 151 129 384 329 273
internal_count=3041 3006 2980 2958 2902 2867 2834 2774 2752 60 2730 56 2709 155 2554 862 760 102 82 56 727 687 602 555 404 151 129 384 329 273
is_linear=0
shrinkage=0.1


Tree=46
num_leaves=31
num_cat=0
split_feature=1 1 1 2 0 0 4 3 0 3 1 0 6 1 5 3 4 6 3 3 2 2 2 0 5 4 5 5 4 4
split_gain=42.7347 125.767 163.928 296.396 145.779 106.142 96.9647 94.9204 168.855 116.946 77.495 413.392 188.893 71.1586 69.0513 87.1915 55.1963 45.1747 72.7839 122.808 148.314 99.5305 160.751 155.954 98.6864 94.7416 75.7413 74.2916 155.537 80.3496
threshold=138.93750000000003 119.50000000000001 105.50000000000001 366.50000000000006 1552.0000000000002 1131.0000000000002 353.27551252050262 62.500000000000007 2275.5000000000005 41.500000000000007 144.42850000000001 1926.5000000000002 5.8344392223867114 97.750000000000014 82194611.370057955 36.500000000000007 188.97574362537509 7.3877903433332479 179.50000000000003 307.00000000000006 567.50000000000011 437.50000000000006 405.50000000000006 1567.5000000000002 103326498.54348023 548.64342599155123 46823471.086586468 35607199.89267271 610.89428057691021 719.75434214259042
decision_type=2 2 2 2 2 2 2 2 2 2 2 2 2 2 2 2 2 2 2 2 2 2 2 2 2 2 2 2 2 2
left_child=1 2 4 -4 5 14 -6 9 -9 -3 11 12 -2 -8 15 16 -1 18 21 20 -20 22 -12 -24 26 -26 27 29 -29 -23
right_child=10 7 3 -5 6 -7 13 8 -10 -11 17 -13 -14 -15 -16 -17 -18 -19 19 -21 -22 24 23 -25 25 -27 -28 28 -30 -31
leaf_value=-0.051249060111942593 -0.2084447059733793 -0.080569138945065788 0.019295597697297731 0.46567897427649729 -0.32235599756240846 0.18375564401640612 -0.15865449137759932 0.18510382785038515 -0.1556488966712585 -0.31170360612869263 0.022174559068971325 0.48371155191035503 0.15270052765096939 0.080390587300062183 -0.14999866183718732 0.15533833048409887 0.10368918509318913 -0.011199829221888086 0.020918769948184493 -0.055226707734310855 0.39326476315441344 -0.018744843232779557 0.015435962614026808 0.38509141677618031 0.27630067169666289 -0.0028634274198162941 -0.14370560055507012 -0.081112932705360907 0.29530497888724011 -0.16073936573526962
leaf_weight=111 30 176 51 21 21 34 33 33 26 25 584 21 28 20 29 36 29 1153 20 26 23 262 21 25 20 31 61 23 21 47
leaf_count=111 30 176 51 21 21 34 33 33 26 25 584 21 28 20 29 36 29 1153 20 26 23 262 21 25 20 31 61 23 21 47
internal_value=-1.5476e-10 -0.0228479 0.0134398 0.149491 -0.0178563 0.0201182 -0.140504 -0.0765816 0.0349416 -0.109317 0.00615062 0.103547 -0.0340987 -0.0684488 -0.00702166 0.016537 -0.0191547 0.00282981 0.0167269 0.116342 0.220081 0.0104498 0.0363514 0.216336 -0.0246428 0.106613 -0.0408119 -0.0230314 0.0985411 -0.0403427
internal_weight=3041 645 385 72 313 239 74 260 59 201 2396 79 58 53 205 176 140 2317 1164 69 43 1095 630 46 465 51 414 353 44 309
internal_count=3041 645 385 72 313 239 74 260 59 201 2396 79 58 53 205 176 140 2317 1164 69 43 1095 630 46 465 51 414 353 44 309
is_linear=0
shrinkage=0.1


Tree=47
num_leaves=31
num_cat=0
split_feature=2 2 2 4 5 1 1 1 1 2 0 4 0 1 5 2 3 5 3 5 2 5 4 2 6 3 2 2 3 2
split_gain=38.52 96.5383 85.6736 65.1163 47.0967 35.5288 193.422 90.1823 113.209 183.929 117.057 117.697 85.9752 66.2049 90.1964 83.9689 64.8309 55.9315 70.6251 50.8307 53.4161 51.475 139.393 105.399 83.5359 78.7863 100.938 177.641 118.933 98.8283
threshold=2500.5000000000005 1939.5000000000002 1666.0000000000002 3187.8125545118064 1345941013.0697498 140.12500000000003 144.42850000000001 119.50000000000001 105.50000000000001 327.50000000000006 1552.0000000000002 493.60850788665681 1131.0000000000002 127.43000000000002 12357745.193857463 237.50000000000003 59.500000000000007 82194611.370057955 36.500000000000007 301960153.20685971 444.50000000000006 3269706.2912509977 173.62485977462663 815.50000000000011 0.86696789124541862 91.500000000000014 353.50000000000006 261.50000000000006 60.500000000000007 353.50000000000006
decision_type=2 2 2 2 2 2 2 2 2 2 2 2 2 2 2 2 2 2 2 2 2 2 2 2 2 2 2 2 2 2
left_child=1 2 3 4 5 7 -7 8 10 -10 12 -12 17 16 15 -15 -9 18 -1 21 -21 23 -23 25 -24 26 27 -8 -28 -27
right_child=-2 -3 -4 -5 -6 6 19 13 9 -11 11 -13 -14 14 -16 -17 -18 -19 -20 20 -22 22 24 -25 -26 29 28 -29 -30 -31
leaf_value=-0.017239238155473555 0.13496732342810858 -0.20069991586109004 0.18884081686846912 0.16674979536429696 -0.14793168305080723 0.26154711996686869 0.02075847756187214 -0.17156756000641066 0.022849125523424274 0.38271117761731149 -0.28317454390484714 -0.015671242165722347 0.16538008071263047 -0.042555211402941495 0.03241798808336805 -0.25867488932609561 0.019479618464475094 -0.13499879618657049 0.13980450083812077 -0.01530733806165782 0.19291668651359423 -0.18246274895966053 -0.17231367744248491 -0.11537851218296134 -0.0010851235097866427 -0.041171998276629235 0.0023527989648792842 0.24797634738611013 -0.25036365100741387 0.21095657715187321
leaf_weight=140 21 24 24 23 22 29 214 78 49 20 29 38 34 64 109 25 23 29 36 22 28 45 29 46 1626 22 73 41 25 53
leaf_count=140 21 24 24 23 22 29 214 78 49 20 29 38 34 64 109 25 23 29 36 22 28 45 29 46 1626 22 73 41 25 53
internal_value=-3.93155e-11 -0.000938515 0.00066171 -0.000857906 -0.00216512 -0.00106951 0.00495648 -0.0212128 0.0114498 0.127157 -0.014641 -0.131456 0.0181064 -0.0621775 -0.0285699 -0.103263 -0.128062 -0.00631949 0.0148833 0.00161065 0.101298 -0.00068207 -0.00880725 0.0284589 -0.0040855 0.043918 0.0241417 0.0572915 -0.0621157 0.136999
internal_weight=3041 3020 2996 2972 2949 2927 2253 674 375 69 306 67 239 299 198 89 101 205 176 2224 50 2174 1700 474 1655 428 353 255 98 75
internal_count=3041 3020 2996 2972 2949 2927 2253 674 375 69 306 67 239 299 198 89 101 205 176 2224 50 2174 1700 474 1655 428 353 255 98 75
is_linear=0
shrinkage=0.1


Tree=48
num_leaves=31
num_cat=0
split_feature=1 4 1 1 3 5 1 1 2 1 5 5 5 2 1 1 4 1 0 5 3 3 4 2 5 4 1 3 4 4
split_gain=36.3239 40.0985 39.4639 108.042 125.669 120.932 50.9848 186.625 128.483 107.029 156.332 202.376 198.078 193.162 90.9566 218.372 84.4256 74.4886 73.6841 69.6391 110.863 145.377 89.2186 62.0016 61.1259 115.853 178.237 114.81 62.9698 157.502
threshold=60.005000000000003 3187.8125545118064 336.32000000000005 351.00000000000006 34.500000000000007 7307475.4683972904 260.20000000000005 253.06250000000003 567.50000000000011 234.18750000000003 17599563.061578128 36371381.212523907 61108107.754250295 408.50000000000006 229.50000000000003 225.50000000000003 582.88772148531439 263.50000000000006 1144.0000000000002 160901729.49222347 26.500000000000004 99.500000000000014 548.64342599155123 380.50000000000006 107132296.549089 497.21145730099835 163.75000000000003 78.500000000000014 493.60850788665681 728.35655487547285
decision_type=2 2 2 2 2 2 2 2 2 2 2 2 2 2 2 2 2 2 2 2 2 2 2 2 2 2 2 2 2 2
left_child=-1 2 6 -4 -5 -6 7 9 18 14 13 -12 -13 -11 15 19 -16 -8 -9 24 -21 23 -23 -22 28 26 -26 -27 -2 -30
right_child=1 -3 3 4 5 -7 17 8 -10 10 11 12 -14 -15 16 -17 -18 -19 -20 20 21 22 -24 -25 25 27 -28 -29 29 -31
leaf_value=-0.10128579419305815 -0.012197521728101804 0.12482837269870709 -0.20102169095642039 -0.19315515173518139 0.28273970708251001 -0.017195773710746591 0.21894147937948052 -0.127265594513328 0.021847217526685978 0.045825850848968216 -0.22792885074658054 0.34413592680579141 -0.044343689680099489 0.38024911918947774 -0.18391200268969818 0.33007176749408251 0.040418676314875487 0.027611620195220288 -0.363126637843939 -0.070952512950022181 0.32048828830676424 0.12515305614471436 -0.13263075163041979 0.12744485601419356 -0.097278916683386674 -0.31357595672210059 0.25681582047116186 -0.034542618435004661 0.091236327169677639 -0.029386839717281638
leaf_weight=35 1509 26 36 23 20 41 22 27 28 39 28 21 35 31 51 20 25 271 26 47 28 25 29 41 44 30 21 29 217 216
leaf_count=35 1509 26 36 23 20 41 22 27 28 39 28 21 35 31 51 20 25 271 26 47 28 25 29 41 44 30 21 29 217 216
internal_value=-7.22992e-11 0.00117931 0.000100492 -0.0560798 0.00603808 0.0811437 0.00245771 -0.00205314 -0.151429 0.00281389 0.0835568 -0.00841884 0.101336 0.193928 -0.00251819 0.00110666 -0.110119 0.0419777 -0.242971 -0.00183578 0.0596863 0.109605 -0.0132864 0.205781 -0.00689811 -0.074969 0.0171209 -0.176424 -0.00255167 0.031064
internal_weight=3041 3006 2980 120 84 61 2860 2567 81 2486 154 84 56 70 2332 2256 76 293 53 2236 170 123 54 69 2066 124 65 59 1942 433
internal_count=3041 3006 2980 120 84 61 2860 2567 81 2486 154 84 56 70 2332 2256 76 293 53 2236 170 123 54 69 2066 124 65 59 1942 433
is_linear=0
shrinkage=0.1


Tree=49
num_leaves=31
num_cat=0
split_feature=3 4 1 1 0 3 3 6 3 2 4 1 1 6 3 3 3 1 3 2 1 1 4 4 4 0 6 0 0 0
split_gain=33.6461 65.9735 40.9854 97.5555 150.549 100.078 74.8197 71.8655 50.6895 80.3855 55.478 40.353 115.737 135.755 180.192 224.702 108.237 125.835 138.135 98.7556 74.5504 221.479 67.9595 59.5423 54.4144 53.4288 50.0337 44.398 95.2474 87.141
threshold=1.0000000180025095e-35 207.62601976228993 309.04600000000005 284.50000000000006 897.50000000000011 53.500000000000007 110.50000000000001 35.706822195839671 104.50000000000001 809.50000000000011 728.35655487547285 250.00500000000002 234.18750000000003 8.8916969648955284 84.500000000000014 59.500000000000007 130.50000000000003 256.19750000000005 87.500000000000014 515.50000000000011 229.50000000000003 225.50000000000003 582.88772148531439 707.31842485634343 324.91688173791908 718.50000000000011 180.99186426589245 7599.5000000000009 5920.5000000000009 4986.5000000000009
decision_type=2 2 2 2 2 2 2 2 2 2 2 2 2 2 2 2 2 2 2 2 2 2 2 2 2 2 2 2 2 2
left_child=1 -1 3 11 -5 -6 -7 8 9 -4 -10 12 20 14 15 -14 17 19 24 -13 21 26 25 -15 -19 -22 27 28 29 -2
right_child=2 -3 7 4 5 6 -8 -9 10 -11 -12 16 13 23 -16 -17 -18 18 -20 -21 22 -23 -24 -25 -26 -27 -28 -29 -30 -31
leaf_value=-0.12174463422230349 -0.00012620290204257706 0.069956032244058761 -0.062550523665843794 0.34723212592303754 -0.09299416049863353 0.24759729229486904 -0.0061845392343543824 0.10496961676648685 -0.074351165747201006 -0.27134181031876287 0.14539055801928044 -0.29404217062724963 0.25046347707509992 0.0640206387732178 0.41071770240863165 -0.18226193193346263 0.12197430510606085 -0.085804499586423236 -0.25665205750614406 -0.025116431035778743 -0.048933832516724417 0.32634140763963976 0.036376807659864424 -0.14968870764767581 0.07211931817233562 -0.25718255734869411 -0.15357019035589128 0.14622712351736569 -0.19012780848603983 0.16124702917740627
leaf_weight=58 2117 26 93 20 33 26 21 28 27 23 20 36 30 32 24 20 35 30 20 22 22 21 25 22 80 28 21 21 26 34
leaf_count=58 2117 26 93 20 33 26 21 28 27 23 20 36 30 32 24 20 35 30 20 22 22 21 25 22 80 28 21 21 26 34
internal_value=-6.71226e-11 -0.0624087 0.00177285 0.00486656 0.101835 0.0404856 0.134205 -0.0430292 -0.0684523 -0.103949 0.019156 0.00122934 0.00494639 0.0975109 0.185485 0.0773733 -0.0394915 -0.0695517 -0.0149049 -0.192036 -0.000171648 0.003112 -0.0982431 -0.0230461 0.0290492 -0.165553 5.30419e-05 0.00152078 0.000124899 0.00242456
internal_weight=3041 84 2957 2766 100 80 47 191 163 116 47 2666 2443 128 74 50 223 188 130 58 2315 2240 75 54 110 50 2219 2198 2177 2151
internal_count=3041 84 2957 2766 100 80 47 191 163 116 47 2666 2443 128 74 50 223 188 130 58 2315 2240 75 54 110 50 2219 2198 2177 2151
is_linear=0
shrinkage=0.1


Tree=50
num_leaves=31
num_cat=0
split_feature=1 0 0 3 5 1 6 3 1 1 0 3 3 5 5 3 5 1 6 2 1 0 3 4 5 5 3 4 0 4
split_gain=29.3457 116.505 93.5402 75.2242 57.5521 49.3097 101.745 170.717 101.054 74.135 66.3246 56.0413 86.5845 53.4694 65.749 50.2411 42.0929 123.621 188.515 192.528 167.765 275.339 160.006 152.63 315.642 102.113 122.788 101.868 101.592 97.0475
threshold=87.750000000000014 2027.0000000000002 1131.0000000000002 26.500000000000004 10482520.225605415 119.50000000000001 2.8727663787165389 36.500000000000007 128.00500000000002 105.50000000000001 974.50000000000011 59.500000000000007 32.500000000000007 1345941013.0697498 368321334.59963793 134.50000000000003 20991987.823936727 157.75000000000003 7.6409750486511188 201.50000000000003 163.75000000000003 2985.5000000000005 327.50000000000006 707.31842485634343 52530928.725888051 18938481.181451816 54.500000000000007 259.20105300152881 1783.0000000000002 210.00343637791744
decision_type=2 2 2 2 2 2 2 2 2 2 2 2 2 2 2 2 2 2 2 2 2 2 2 2 2 2 2 2 2 2
left_child=1 2 3 4 -1 6 7 -2 11 15 -11 12 -7 14 16 -8 25 18 27 -20 21 28 29 24 -21 -10 -27 -18 -19 -22
right_child=5 -3 -4 -5 -6 8 9 -9 13 10 -12 -13 -14 -15 -16 -17 17 20 19 23 22 -23 -24 -25 -26 26 -28 -29 -30 -31
leaf_value=-0.10132648841507974 0.033820744370128594 -0.26846775220357816 0.17836907268925148 -0.21734538319565 0.083388931107883521 -0.075012740731528665 -0.0067429102848745098 0.34867658821436076 -0.0040695047623545656 0.010416260117600704 0.24712888255715371 0.017395647946218756 -0.30238577961921692 -0.15206376598639923 0.11689072032185162 -0.16477522624144331 0.088795755487499822 -0.10592098438077502 0.020118778775776586 0.12052765519454563 -0.17525721541766465 -0.38911219877856124 0.20673946120390077 0.0451229242918392 0.60036388043887345 -0.031056364629925656 -0.31224619261920455 -0.14478395865407101 0.14884615888198216 0.010774282504844473
leaf_weight=31 51 20 22 21 37 103 103 26 1113 29 20 46 20 22 51 25 33 45 62 29 29 28 41 24 26 44 24 43 24 849
leaf_count=31 51 20 22 21 37 103 103 26 1113 29 20 46 20 22 51 25 33 45 62 29 29 28 41 24 26 44 24 43 24 849
internal_value=2.35572e-10 -0.0462994 -0.00626905 -0.0519099 -0.000819569 0.00208427 0.0441779 0.140136 -0.00194126 0.00243361 0.107034 -0.0767682 -0.111984 0.00314349 0.0045287 -0.0376086 0.00215486 0.0150783 0.0835928 0.152022 0.000444829 -0.124632 0.0136466 0.255541 0.347359 -0.0113376 -0.1303 -0.0433612 -0.0173063 0.00462973
internal_weight=3041 131 111 89 68 2910 254 77 2656 177 49 169 123 2487 2465 128 2414 1233 217 141 1016 97 919 79 55 1181 68 76 69 878
internal_count=3041 131 111 89 68 2910 254 77 2656 177 49 169 123 2487 2465 128 2414 1233 217 141 1016 97 919 79 55 1181 68 76 69 878
is_linear=0
shrinkage=0.1


Tree=51
num_leaves=31
num_cat=0
split_feature=3 4 5 4 3 5 3 5 0 4 0 6 2 6 5 6 6 3 2 5 2 0 5 3 3 0 2 5 6 5
split_gain=25.4428 52.1093 36.3159 88.7442 241.746 58.6065 117.06 126.012 77.9893 151.477 59.2992 145.195 126.631 108.531 98.7616 58.9384 71.7437 92.2154 58.1179 57.8231 96.2619 250.979 100.681 149.895 79.7266 78.0333 102.808 133.215 109.17 242.835
threshold=1.0000000180025095e-35 207.62601976228993 48720.38921591176 174.80698408914847 63.500000000000007 20991987.823936727 173.50000000000003 13224440.734699341 830.00000000000011 195.84111034579226 3072.0000000000005 6.327516834075321 577.50000000000011 17.45158096945098 15010491.169893431 1.5808585656029195 3.1044076595989156 33.500000000000007 143.50000000000003 37190251.137990214 606.50000000000011 4211.5000000000009 33629547.574562855 88.500000000000014 82.500000000000014 4275.5000000000009 414.50000000000006 167618415.17669168 11.228233177927761 67262622.71147123
decision_type=2 2 2 2 2 2 2 2 2 2 2 2 2 2 2 2 2 2 2 2 2 2 2 2 2 2 2 2 2 2
left_child=1 -1 -2 4 -4 6 10 -8 18 -10 12 -12 -5 -13 -14 -11 17 -17 -7 20 24 22 23 -22 -18 26 27 28 29 -21
right_child=2 -3 3 5 -6 8 7 -9 9 15 11 13 14 -15 -16 16 19 -19 -20 25 21 -23 -24 -25 -26 -27 -28 -29 -30 -31
leaf_value=-0.10700399966444821 0.026468857088446863 0.063367378081266704 -0.027966064052220359 -0.0049094402218430207 -0.37142758136210235 -0.024807505846286243 -0.034290919303894045 -0.33179433769546451 0.29564331188797949 0.1735422792689254 -0.15009858040582569 0.26199717225196462 -0.28600753290889164 -0.028542641699314121 -0.019726212551960581 0.026079581196055465 -0.0028620298678448445 -0.17886640692041034 -0.18904102897644046 0.18849816768844097 0.31135390021147269 -0.080148837297550735 0.43049538999795917 -0.025580881795157558 0.14913368730283366 0.072664285824969921 -0.045878046829721825 0.1795744735855036 -0.050992299856260317 -0.12132823459613018
leaf_weight=58 488 26 188 580 23 156 35 24 20 24 21 36 30 20 26 46 218 42 25 72 31 37 20 23 41 147 342 52 151 39
leaf_count=58 488 26 188 580 23 156 35 24 20 24 21 36 30 20 26 46 218 42 25 72 31 37 20 23 41 147 342 52 151 39
internal_value=2.83133e-11 -0.05427 0.00154166 -0.00338523 -0.065405 0.00241024 -0.0199415 -0.155309 0.0140223 0.0225542 -0.00873998 0.0741425 -0.0187745 0.158233 -0.162377 0.0183037 0.0153492 -0.0717355 -0.0474917 0.0218824 0.0545907 0.132505 0.238831 0.167845 0.0211991 0.00681128 -0.00794541 0.0333698 0.00435202 0.0796402
internal_weight=3041 84 2957 2469 211 2258 772 59 1486 1305 713 77 636 56 56 1285 1261 88 181 1173 370 111 74 54 259 803 656 314 262 111
internal_count=3041 84 2957 2469 211 2258 772 59 1486 1305 713 77 636 56 56 1285 1261 88 181 1173 370 111 74 54 259 803 656 314 262 111
is_linear=0
shrinkage=0.1


Tree=52
num_leaves=31
num_cat=0
split_feature=1 1 3 5 4 1 4 3 3 3 2 2 1 3 1 0 4 3 2 1 6 4 5 3 1 1 3 0 3 6
split_gain=24.57 86.8502 92.6214 98.8279 45.5085 38.6179 117.917 74.8709 120.413 42.0586 39.0481 69.868 37.5208 139.359 115.514 116.481 94.9756 92.0464 88.3827 88.061 132.932 129.733 189.779 63.4534 53.9667 171.318 47.6701 73.9663 44.5593 36.6755
threshold=336.32000000000005 351.00000000000006 34.500000000000007 7307475.4683972904 828.74707115869535 284.50000000000006 266.49624075394928 55.500000000000007 125.50000000000001 1.0000000180025095e-35 1939.5000000000002 1666.0000000000002 251.50000000000003 130.50000000000003 256.19750000000005 2961.5000000000005 324.91688173791908 46.500000000000007 515.50000000000011 234.18750000000003 8.8916969648955284 573.8808414299566 17382141.408752423 75.500000000000014 229.50000000000003 225.50000000000003 91.500000000000014 1752.5000000000002 1.5000000000000002 180.99186426589245
decision_type=2 2 2 2 2 2 2 2 2 2 2 2 2 2 2 2 2 2 2 2 2 2 2 2 2 2 2 2 2 2
left_child=5 -2 -3 -4 -5 9 -7 -8 -9 -1 11 12 19 14 18 16 -16 -18 -14 24 21 22 -21 -22 25 28 27 -26 -11 -30
right_child=1 2 3 4 -6 6 7 8 -10 10 -12 -13 13 -15 15 -17 17 -19 -20 20 23 -23 -24 -25 26 -27 -28 -29 29 -31
leaf_value=-0.075451326420581027 -0.17441039784914919 -0.16184372304250366 0.25644214340485633 -0.10449142032302916 0.099753891229629521 0.27574661940336231 -0.044963006523632727 0.20892508439719679 -0.051329025183804333 0.13855824587137805 -0.10103758188921053 0.17987419908696956 -0.2933620645281147 0.15992570837338768 -0.11498833037912846 -0.2136847631891724 0.0090963766309950077 0.25159875378012658 -0.028435220383107664 0.27823496842384338 0.055330248270183804 0.37772131027145822 -0.11544746110836666 -0.16837733698387941 -0.13053853639711938 0.29411966443061827 -0.20787167064845563 0.11773269325494767 -7.8348313460660819e-05 -0.13287942565622785
leaf_weight=74 36 23 20 24 20 20 86 40 32 23 37 22 34 30 32 25 45 24 20 25 32 22 24 21 30 20 22 20 2137 21
leaf_count=74 36 23 20 24 20 20 86 40 32 23 37 22 34 30 32 25 45 24 20 25 32 22 24 21 30 20 22 20 2137 21
internal_value=9.76782e-11 -0.0437809 0.0102727 0.072127 -0.0116526 0.00184546 0.0469808 0.0180231 0.0932566 -0.00108669 0.000977443 0.00241318 0.00091562 -0.0396156 -0.0728725 -0.0204289 0.0274067 0.093445 -0.195241 0.00446654 0.0865294 0.175986 0.0854109 -0.0333086 -1.02703e-05 0.00277662 -0.0852039 -0.03123 0.000104971 -0.00137067
internal_weight=3041 123 87 64 44 2918 178 158 72 2740 2666 2629 2607 210 180 126 101 69 54 2397 124 71 49 53 2273 2201 72 50 2181 2158
internal_count=3041 123 87 64 44 2918 178 158 72 2740 2666 2629 2607 210 180 126 101 69 54 2397 124 71 49 53 2273 2201 72 50 2181 2158
is_linear=0
shrinkage=0.1


Tree=53
num_leaves=31
num_cat=0
split_feature=2 2 2 4 4 4 3 3 3 4 4 4 0 6 4 5 0 2 0 0 6 1 5 3 5 1 1 1 1 6
split_gain=23.9198 71.5781 48.5529 32.8288 45.3333 39.3989 73.8091 65.7354 71.6653 58.3974 106.504 71.8843 67.364 47.9021 46.8539 46.8516 296.673 125.45 127.44 116.08 76.8991 67.1267 64.3057 133.226 62.5894 61.9457 55.8063 266.143 79.563 124.512
threshold=2500.5000000000005 1939.5000000000002 1666.0000000000002 3187.8125545118064 2006.0470869618991 1335.71933082348 414.50000000000006 77.500000000000014 45.500000000000007 1086.18076679419 1144.4664641654028 1245.9218385738436 4908.5000000000009 180.99186426589245 648.18542658648755 15729369.050800059 1954.0000000000002 666.50000000000011 2510.5000000000005 924.50000000000011 6.327516834075321 191.20300000000003 17599563.061578128 46.500000000000007 38731621.230445333 84.750000000000014 138.93750000000003 144.42850000000001 119.50000000000001 8.0592685638494554
decision_type=2 2 2 2 2 2 2 2 2 2 2 2 2 2 2 2 2 2 2 2 2 2 2 2 2 2 2 2 2 2
left_child=1 2 3 4 5 6 9 8 -7 12 -11 -12 13 15 -14 16 -1 18 -18 21 -19 -17 23 -21 -23 -24 28 -28 -27 -30
right_child=-2 -3 -4 -5 -6 7 -8 -9 -10 10 11 -13 14 -15 -16 19 17 20 -20 22 -22 24 25 -25 -26 26 27 -29 29 -31
leaf_value=0.0030330633620110348 0.10635667755490258 -0.17274883579617989 0.14230104150871437 0.11850240214363389 -0.11623630474376329 0.1182082299888134 -0.14063175242933398 0.1453501396502058 -0.13575791263580322 -0.24572366459502115 0.090312253968680617 -0.12400093370213593 0.2238321862143019 -0.15011473808969772 0.014551888629794122 -0.018082311602526355 -0.1729139864910394 -0.43342751311984928 0.12753614999353888 -0.0014597159568910246 -0.16589658856391909 -0.046192797225329187 0.19832833388820292 0.33906351059675216 -0.26391484348670297 0.028094035813092499 0.35869427081197502 0.021213316518096506 -0.28281638939623482 -0.0048890068894252188
leaf_weight=1024 21 24 24 23 34 20 38 48 25 27 34 29 23 21 20 309 48 22 20 27 21 31 20 20 23 87 24 887 27 40
leaf_count=1024 21 24 24 23 34 20 38 48 25 27 34 29 23 21 20 309 48 22 20 27 21 31 20 20 23 87 24 887 27 40
internal_value=-8.64119e-11 -0.000739566 0.000638345 -0.000505634 -0.00143381 -9.47734e-05 -0.00220528 0.0639465 -0.0228841 -0.000315834 -0.079555 -0.00833985 0.00233135 0.000317424 0.126493 0.00151859 -0.0137996 -0.169085 -0.0845463 0.0131481 -0.302773 -0.0360591 0.0289275 0.143444 -0.138926 0.0239668 0.0206924 0.0301041 -0.0349833 -0.11689
internal_weight=3041 3020 2996 2972 2949 2915 2822 93 45 2784 90 63 2694 2651 43 2630 1135 111 68 1495 43 363 1132 47 54 1085 1065 911 154 67
internal_count=3041 3020 2996 2972 2949 2915 2822 93 45 2784 90 63 2694 2651 43 2630 1135 111 68 1495 43 363 1132 47 54 1085 1065 911 154 67
is_linear=0
shrinkage=0.1


Tree=54
num_leaves=31
num_cat=0
split_feature=1 0 0 3 2 5 1 6 3 0 1 6 0 3 1 0 0 2 5 0 3 1 3 5 5 2 1 1 3 2
split_gain=24.5191 94.8623 63.2507 57.7452 50.4564 41.6917 39.4626 85.2263 84.5384 108.79 77.2946 73.9682 62.7 164.853 46.4684 159.248 145.649 143.593 124.813 104.619 90.3062 87.3451 132.876 97.1963 138.406 85.2781 82.1525 173.504 123.858 73.5201
threshold=87.750000000000014 2027.0000000000002 1131.0000000000002 26.500000000000004 15.500000000000002 10482520.225605415 119.50000000000001 7.4538899345846259 30.500000000000004 1658.5000000000002 138.93750000000003 11.727940538019885 1984.5000000000002 62.500000000000007 154.50000000000003 1926.5000000000002 1576.5000000000002 645.00000000000011 32014110.621572185 839.50000000000011 42.500000000000007 165.50000000000003 40.500000000000007 134818986.80752549 45168544.19570078 899.00000000000011 173.50000000000003 170.07000000000002 107.50000000000001 338.50000000000006
decision_type=2 2 2 2 2 2 2 2 2 2 2 2 2 2 2 2 2 2 2 2 2 2 2 2 2 2 2 2 2 2
left_child=1 2 3 4 -1 -6 7 8 -2 -10 12 -9 13 -8 15 16 18 -17 20 -20 -12 22 -16 24 -24 -19 27 28 29 -23
right_child=6 -3 -4 -5 5 -7 10 11 9 -11 14 -13 -14 -15 21 17 -18 25 19 -21 -22 26 23 -25 -26 -27 -28 -29 -30 -31
leaf_value=-0.12783467631254877 0.025030503214537342 -0.24279473192989826 0.14562958912415938 -0.18867678521644504 -0.037597685930845531 0.15081235800171272 -0.069173448124319012 -0.1358216667571702 0.2996770502013319 0.024880798220634461 0.025725507789424493 0.033212243466843643 -0.17217748281791023 0.17306183114873641 0.015969794487037999 0.33632086209952833 -0.26011534251272678 -0.10003254167735576 -0.0047060096805745903 0.28670160494345642 -0.15956036112195737 0.053495020786157026 -0.071230972717915272 0.039207243974562045 -0.30977393496175143 0.1770058915615082 -2.1001606340906775e-05 0.3060323286111708 0.24475609910759061 -0.11171215921640397
leaf_weight=21 79 20 22 21 23 24 189 39 34 25 91 77 38 33 127 30 20 20 22 28 37 65 56 27 43 25 1710 27 22 46
leaf_count=21 79 20 22 21 23 24 189 39 34 25 91 77 38 33 127 30 20 20 22 28 37 65 56 27 43 25 1710 27 22 46
internal_value=5.80354e-11 -0.0423209 -0.00619946 -0.0437302 0.00103267 0.0586117 0.00190517 0.039562 0.0926699 0.183238 -0.00169605 -0.0236181 -0.0534826 -0.0331655 0.00392353 0.042759 -0.004247 0.166855 0.0245023 0.158482 -0.0278337 -0.00107039 -0.0562152 -0.128973 -0.174841 0.0538777 0.00639038 0.074912 0.0279929 -0.0149692
internal_weight=3041 131 111 89 68 47 2910 254 138 59 2656 116 260 222 2396 273 198 75 178 50 128 2123 253 126 99 45 1870 160 133 111
internal_count=3041 131 111 89 68 47 2910 254 138 59 2656 116 260 222 2396 273 198 75 178 50 128 2123 253 126 99 45 1870 160 133 111
is_linear=0
shrinkage=0.1


Tree=55
num_leaves=31
num_cat=0
split_feature=4 0 6 2 1 1 2 5 3 2 2 3 3 0 2 5 6 5 5 3 4 6 0 3 5 3 3 2 5 3
split_gain=21.8543 95.1168 65.6942 139.505 43.9901 137.934 52.5494 145.999 82.4914 81.5897 64.7536 64.2765 79.4092 39.0998 37.2116 36.7948 69.9159 55.6614 67.821 75.9052 61.5983 146.46 176.369 65.0942 67.0633 97.6537 61.6462 60.8949 56.0798 92.4698
threshold=232.64974188269647 2256.0000000000005 12.873070648514878 135.50000000000003 309.04600000000005 264.95000000000005 395.50000000000006 28470280.440825138 90.500000000000014 349.50000000000006 621.50000000000011 60.500000000000007 36.500000000000007 792.50000000000011 839.50000000000011 6598216.1260030018 31.615339672495157 20991987.823936727 18938481.181451816 54.500000000000007 264.25128657437523 4.8279511559782398 1163.5000000000002 10.500000000000002 23350473.895113792 79.500000000000014 33.500000000000007 86.500000000000014 15457154.045217203 61.500000000000007
decision_type=2 2 2 2 2 2 2 2 2 2 2 2 2 2 2 2 2 2 2 2 2 2 2 2 2 2 2 2 2 2
left_child=1 2 4 13 5 6 9 8 11 -1 -10 12 -8 -4 -12 16 -2 18 28 -20 21 -19 -23 27 25 26 -25 -22 -17 -30
right_child=15 -3 3 -5 -6 -7 7 -9 10 -11 14 -13 -14 -15 -16 17 -18 20 19 -21 23 22 -24 24 -26 -27 -28 -29 29 -31
leaf_value=-0.0035300589773783852 0.02050766856775273 -0.20079842937680392 -0.044221216941188128 -0.21961435876613439 -0.1384570150148301 0.26106944694405509 -0.10168112694255767 0.30285180360078812 -0.005770229037318911 -0.15498436508994354 0.27703845560550694 -0.16681389113267264 0.12466324452430971 0.085057241935282954 0.086445546504997084 -0.034343216453049323 0.18277447770815344 -0.1313529461146454 -0.037684372993998044 -0.26371540166437629 -0.20237081795930864 0.026477010166922284 0.33938188136465131 0.14105767108823941 0.0059734858981972654 0.29445252273231748 -0.095919092354320348 -0.0069065946380834327 0.0011813317628010462 0.22159035885706546
leaf_weight=556 156 26 87 43 21 21 31 20 35 38 20 30 31 32 21 321 32 23 39 24 28 43 31 23 1115 20 21 37 92 24
leaf_count=556 156 26 87 43 21 21 31 20 35 38 20 30 31 32 21 321 32 23 39 24 28 43 31 23 1115 20 21 37 92 24
internal_value=3.59735e-11 -0.0120036 -0.00702521 -0.0652397 0.00441987 0.00815638 0.0013646 0.0474427 0.0170369 -0.0132191 0.0941338 -0.0466519 0.0114911 -0.00945726 0.179418 0.005987 0.0481276 0.00168367 -0.0267924 -0.123791 0.0123011 0.0890539 0.157559 0.00631639 0.0116875 0.111236 0.0279551 -0.0911066 -0.0128085 0.0467832
internal_weight=3041 1012 986 162 824 803 782 188 168 594 76 92 62 119 41 2029 188 1841 500 63 1341 97 74 1244 1179 64 44 65 437 116
internal_count=3041 1012 986 162 824 803 782 188 168 594 76 92 62 119 41 2029 188 1841 500 63 1341 97 74 1244 1179 64 44 65 437 116
is_linear=0
shrinkage=0.1


Tree=56
num_leaves=31
num_cat=0
split_feature=2 2 2 3 1 2 2 3 3 4 1 0 3 5 1 1 0 5 5 3 2 2 3 4 4 5 3 4 5 0
split_gain=20.2764 55.9162 40.4193 56.7411 41.8783 37.6207 36.9625 30.8837 171.307 106.279 160.458 100.278 82.6943 83.1653 41.643 35.3432 34.4897 116.734 108.253 95.2195 37.7326 34.3494 40.9633 42.5869 98.0143 237.344 248.733 129.493 89.6017 127.753
threshold=2500.5000000000005 1939.5000000000002 1385.5000000000002 98.500000000000014 247.50000000000003 1283.5000000000002 1213.0000000000002 167.00000000000003 178.50000000000003 931.00682816441929 189.90000000000003 3072.0000000000005 257.00000000000006 35227758.89457529 185.50000000000003 179.47150000000002 3862.5000000000005 126763551.54603939 25335003.397466246 100.50000000000001 1089.5000000000002 9.5000000000000018 151.50000000000003 728.35655487547285 596.30471005728566 76382979.732176736 62.500000000000007 620.53407172579307 59791009.917288832 3009.5000000000005
decision_type=2 2 2 2 2 2 2 2 2 2 2 2 2 2 2 2 2 2 2 2 2 2 2 2 2 2 2 2 2 2
left_child=1 2 5 -4 -5 6 7 16 -9 11 -11 12 13 14 -10 -14 20 18 -18 -20 21 -1 23 24 28 26 27 -26 29 -23
right_child=-2 -3 3 4 -6 -7 -8 8 9 10 -12 -13 15 -15 -16 -17 17 -19 19 -21 -22 22 -24 -25 25 -27 -28 -29 -30 -31
leaf_value=-0.049781792626890822 0.097922210714646754 -0.15271145189180971 0.1953833734691143 0.077706387759865936 -0.1018976965546608 -0.10924176627304405 0.12085081604123116 -0.27288625764626046 0.059926456902176142 0.34204336449503903 -0.034710643211236368 -0.21901043727993966 0.0080850704340264205 -0.050764921745833226 0.26399267941713334 -0.1433931594671205 0.14385704793261761 0.24184036263479639 -0.2010142962898939 0.064298203960061071 -0.1228071331717074 -0.0052356737797187962 0.11238007641890471 -0.035127759861675177 0.28064425542950627 -0.14411231494612164 0.36898915366166168 -0.0088198369834572073 0.049246155485635795 -0.20711434846743942
leaf_weight=128 21 24 25 37 20 32 25 27 20 20 26 27 24 34 20 43 33 26 31 24 25 1535 34 275 20 36 36 68 313 32
leaf_count=128 21 24 25 37 20 32 25 27 20 20 26 27 24 34 20 43 33 26 31 24 25 1535 34 275 20 36 36 68 313 32
internal_value=1.50984e-10 -0.000680916 0.000536952 0.0697776 0.0146874 -0.00141148 -0.000214199 -0.00127357 -0.0355283 -0.00558122 0.129095 -0.042457 -0.00864886 0.0642213 0.16196 -0.0891323 0.00188215 0.0556741 0.000670412 -0.0852416 -0.000568796 0.000664937 0.00341384 0.00181348 0.0067933 0.0819294 0.147554 0.0569675 0.000398738 -0.00935828
internal_weight=3041 3020 2996 82 57 2914 2882 2857 241 214 46 168 141 74 40 67 2616 114 88 55 2502 2477 2349 2315 2040 160 124 88 1880 1567
internal_count=3041 3020 2996 82 57 2914 2882 2857 241 214 46 168 141 74 40 67 2616 114 88 55 2502 2477 2349 2315 2040 160 124 88 1880 1567
is_linear=0
shrinkage=0.1


Tree=57
num_leaves=31
num_cat=0
split_feature=6 6 2 0 1 1 3 3 2 2 0 3 3 2 2 4 0 4 4 3 5 2 0 2 2 3 5 0 0 4
split_gain=20.4317 156.888 57.9018 97.2264 55.6586 50.1862 53.643 48.6511 67.6091 44.2172 53.6661 52.9458 113.036 81.886 136.981 47.4355 111.696 134.811 104.215 100.193 62.1532 98.9714 117.093 92.409 70.5403 91.5849 43.9229 162.735 42.9347 39.325
threshold=51.097989417312533 47.288344595787386 167.50000000000003 4608.0000000000009 163.75000000000003 138.12500000000003 26.500000000000004 496.50000000000006 2082.0000000000005 1385.5000000000002 5162.5000000000009 167.00000000000003 178.50000000000003 996.50000000000011 762.50000000000011 943.82908597191397 3785.5000000000005 404.51133970013944 982.15816767150466 103.50000000000001 54088686.312965564 657.00000000000011 3824.5000000000005 486.50000000000006 389.50000000000006 89.500000000000014 21434973.817684159 1910.0000000000002 1969.5000000000002 399.4017030655296
decision_type=2 2 2 2 2 2 2 2 2 2 2 2 2 2 2 2 2 2 2 2 2 2 2 2 2 2 2 2 2 2
left_child=1 7 5 4 -4 -2 -7 8 9 11 -11 15 -13 14 26 16 -1 -18 -17 -19 21 23 -23 -20 -22 -26 28 29 -14 -28
right_child=2 -3 3 -5 -6 6 -8 -9 -10 10 -12 12 13 -15 -16 18 17 19 20 -21 24 22 -24 -25 25 -27 27 -29 -30 -31
leaf_value=0.0015828310460172111 -0.089780676630990847 0.24191188420410509 -0.27864848102132478 0.089197635437761047 -0.080927545279264448 0.0049508949400993386 0.20149086089361284 0.11210841403195733 -0.16231229859762467 0.18503074004713979 0.010145726942635597 -0.24597813667586219 -0.042034575130877105 -0.18363401683530323 0.20523353644779752 -0.2444370443467051 0.32580888167671535 -0.067518946368779462 0.09190878673740055 0.19776204793403548 0.076986357995441984 0.25918329236408078 -0.048696397457803998 -0.17087559225037696 -0.24036620944324466 -0.001574993019136761 -0.00068526083360547613 0.25541056759655473 -0.21938218161463741 -0.19241501033306121
leaf_weight=2201 28 27 24 21 35 41 21 38 26 28 47 26 43 27 28 23 23 35 23 24 21 30 21 32 36 29 23 20 20 20
leaf_count=2201 28 27 24 21 35 41 21 38 26 28 47 26 43 27 28 23 23 35 23 24 21 30 21 32 36 29 23 20 20 20
internal_value=7.66136e-11 0.00199458 -0.0336849 -0.095586 -0.161356 0.0213382 0.0715209 -0.000283115 -0.00180517 -0.000304021 0.0754361 -0.00240403 -0.0510048 -0.0229976 0.00516597 0.00162334 0.00585219 0.120448 -0.0432811 0.040392 -0.0191843 0.0320638 0.132409 -0.0609839 -0.0823505 -0.133829 -0.0392935 0.0197484 -0.0983354 -0.0898619
internal_weight=3041 2871 170 80 59 90 62 2844 2806 2780 75 2705 207 181 154 2498 2283 82 215 59 192 106 51 55 86 65 126 63 63 43
internal_count=3041 2871 170 80 59 90 62 2844 2806 2780 75 2705 207 181 154 2498 2283 82 215 59 192 106 51 55 86 65 126 63 63 43
is_linear=0
shrinkage=0.1


Tree=58
num_leaves=31
num_cat=0
split_feature=4 3 1 1 4 4 4 1 0 2 2 1 0 6 1 4 5 5 4 5 6 6 6 0 0 4 4 2 5 0
split_gain=19.2448 75.557 102.896 68.9585 60.586 111.336 100.18 128.226 75.1551 65.2226 239.56 125.964 75.7656 56.3091 63.6001 61.3782 43.5087 120.978 255.696 97.5969 66.4009 213.498 174.016 120.827 122.535 112.625 120.476 100.021 62.1504 60.6696
threshold=283.22808409181567 319.50000000000006 281.50000000000006 253.06250000000003 372.83794493573151 381.43673493574119 348.13584637268855 174.79500000000004 1338.5000000000002 486.50000000000006 384.50000000000006 191.20300000000003 1601.0000000000002 19.253658481678752 147.50000000000003 309.41537642958605 107132296.549089 71789081.268084109 557.79992774652828 67262622.71147123 8.5897244609334376 7.019268222905418 12.483680225506342 1859.0000000000002 2705.5000000000005 763.55033632469815 513.01118274602356 920.50000000000011 198387593.84078914 3976.0000000000005
decision_type=2 2 2 2 2 2 2 2 2 2 2 2 2 2 2 2 2 2 2 2 2 2 2 2 2 2 2 2 2 2
left_child=1 2 3 -1 6 -6 9 -8 -9 10 12 -11 13 14 -2 -15 17 19 -19 -7 21 25 28 -24 -25 26 -18 -26 -22 -20
right_child=4 -3 -4 -5 5 16 7 8 -10 11 -12 -13 -14 15 -16 -17 20 18 29 -21 22 -23 23 24 27 -27 -28 -29 -30 -31
leaf_value=-0.0065381903480660926 0.20267979800701141 -0.19733553195283526 0.15823257472869512 -0.13542013671682326 -0.16765766012482347 0.0044953505134638257 -0.046680963620543484 0.11166808341762849 0.34549773542417422 -0.011800965140847599 -0.26623175855605835 0.28741950045029324 0.2158034625649452 0.043291241489350797 0.018514034132964499 -0.15534772726041932 0.014154968582666839 0.3241189893838522 -0.07471667516023614 -0.19578553897142412 0.30992277803830803 -0.3910647600889206 0.10765237408486428 -0.3172496256620988 0.074459986621513971 0.11223457777763116 -0.31230381608009339 -0.18688497101819074 0.060623049736022949 0.11244566071758966
leaf_weight=1202 22 21 37 43 40 909 25 28 27 34 31 24 20 28 127 35 26 37 43 25 20 20 32 23 32 34 20 27 20 29
leaf_count=1202 22 21 37 43 40 909 25 28 27 34 31 24 20 28 127 35 26 37 43 25 20 20 32 23 32 34 20 27 20 29
internal_value=-2.72096e-11 -0.00918758 -0.00610559 -0.0109895 0.00688804 -0.00333706 0.0409802 0.141102 0.226457 0.0160279 -0.00514028 0.112014 0.0297469 0.0121944 0.0457063 -0.0670637 0.00173065 0.0107691 0.110463 -0.000865487 -0.0353838 -0.0988337 0.00581738 -0.0571495 -0.121462 -0.0257759 -0.127784 -0.0451386 0.185273 0.000668155
internal_weight=3041 1303 1282 1245 1738 1337 401 80 55 321 263 58 232 212 149 63 1297 1043 109 934 254 100 154 114 82 80 46 59 40 72
internal_count=3041 1303 1282 1245 1738 1337 401 80 55 321 263 58 232 212 149 63 1297 1043 109 934 254 100 154 114 82 80 46 59 40 72
is_linear=0
shrinkage=0.1


Tree=59
num_leaves=31
num_cat=0
split_feature=5 0 1 1 3 3 1 1 2 3 2 3 1 1 1 4 3 5 3 4 6 4 3 3 5 0 0 0 5 6
split_gain=19.9856 83.3936 45.4043 141.018 57.9171 114.674 93.5011 51.3021 80.5198 124.39 66.7778 48.462 54.5982 59.2357 43.0147 36.0195 179.984 34.1267 48.6109 31.5727 48.7907 34.393 72.2906 87.6055 54.7925 57.6764 95.3107 56.2113 38.0603 49.1215
threshold=1.0000000180025095e-35 299.50000000000006 309.04600000000005 268.50000000000006 52.500000000000007 60.500000000000007 127.43000000000002 232.50000000000003 414.50000000000006 90.500000000000014 284.50000000000006 40.500000000000007 219.00000000000003 169.50000000000003 194.12500000000003 174.80698408914847 63.500000000000007 64933159.7874934 5.5000000000000009 188.97574362537509 12.03500567208726 232.64974188269647 40.500000000000007 70.500000000000014 11933082.949965119 1117.5000000000002 858.50000000000011 615.50000000000011 6598216.1260030018 42.350470291209994
decision_type=2 2 2 2 2 2 2 2 2 2 2 2 2 2 2 2 2 2 2 2 2 2 2 2 2 2 2 2 2 2
left_child=2 -2 3 4 11 -6 -7 8 10 -10 -8 12 13 -1 -11 16 17 18 -3 20 -17 22 24 -24 27 26 -26 -21 29 -23
right_child=1 15 -4 -5 5 6 7 -9 9 14 -12 -13 -14 -15 -16 19 -18 -19 -20 21 -22 28 23 -25 25 -27 -28 -29 -30 -31
leaf_value=-0.023594979118083566 -0.1041187805775553 0.058708567872998267 -0.12968293696641922 0.28410377979278562 0.26032533521453538 0.20414151804894209 -0.046783033690669322 0.13029773066873138 -0.30991147287189963 -0.11097519561648368 0.20252107225713278 -0.12558200078351156 -0.14014206838607787 0.082745787285896669 0.071061260943059576 0.17723599099195922 -0.31103289276361468 0.077819317629611182 -0.070910140008775782 0.033588593602180486 -0.014691843154529731 0.028823455489457472 -0.26935922136673562 -0.0071824893038719894 0.011265406471032365 -0.073887265270406552 0.25956363014199518 -0.1876006377791917 0.0011488258452036178 0.18319886832808455
leaf_weight=142 80 42 20 20 24 25 22 23 20 25 21 35 25 83 27 26 22 37 93 20 27 146 26 25 52 33 22 27 1827 24
leaf_count=142 80 42 20 20 24 25 22 23 20 25 21 35 25 83 27 26 22 37 93 20 27 146 26 25 52 33 22 27 1827 24
internal_value=8.9061e-11 -0.00364763 0.0180173 0.0240214 0.0130009 0.0562457 0.0261972 -0.00603907 -0.0333064 -0.0979716 0.0749701 -0.0153737 5.54464e-05 0.0156329 -0.0164563 -0.000365602 -0.0417128 -0.00726493 -0.0305843 0.00319154 0.0794614 0.0013558 -0.0376509 -0.140841 -0.00347743 0.0360553 0.0850838 -0.0934776 0.00535999 0.0506176
internal_weight=3041 2529 512 492 472 187 163 138 115 72 43 285 250 225 52 2449 194 172 135 2255 53 2202 205 51 154 107 74 47 1997 170
internal_count=3041 2529 512 492 472 187 163 138 115 72 43 285 250 225 52 2449 194 172 135 2255 53 2202 205 51 154 107 74 47 1997 170
is_linear=0
shrinkage=0.1


Tree=60
num_leaves=31
num_cat=0
split_feature=2 2 2 4 4 4 6 3 4 4 4 0 3 2 3 3 5 0 0 3 1 0 2 3 4 4 5 5 1 2
split_gain=18.8992 43.8678 31.1576 27.1214 33.8722 28.2981 57.8648 52.0935 46.2268 84.9279 52.8718 45.4588 42.9135 37.6884 37.1597 126.456 46.486 152.885 85.4076 60.3436 40.2176 87.8054 50.9657 49.5441 39.3308 214.282 101.756 138.526 107.22 66.7914
threshold=2500.5000000000005 1939.5000000000002 1666.0000000000002 3187.8125545118064 2006.0470869618991 1335.71933082348 12.235430524998415 414.50000000000006 1086.18076679419 1144.4664641654028 1245.9218385738436 4908.5000000000009 55.500000000000007 1177.0000000000002 167.00000000000003 178.50000000000003 21434973.817684159 2005.5000000000002 2615.5000000000005 257.00000000000006 336.32000000000005 2238.5000000000005 1213.0000000000002 47.500000000000007 596.30471005728566 620.53407172579307 67262622.71147123 258214556.85683563 152.50000000000003 370.50000000000006
decision_type=2 2 2 2 2 2 2 2 2 2 2 2 2 2 2 2 2 2 2 2 2 2 2 2 2 2 2 2 2 2
left_child=1 2 3 4 5 7 12 8 11 -10 -11 14 -7 -13 20 -16 17 19 -18 -17 22 23 24 -22 -1 -26 28 -28 -27 -30
right_child=-2 -3 -4 -5 -6 6 -8 -9 9 10 -12 13 -14 -15 15 16 18 -19 -20 -21 21 -23 -24 -25 25 26 27 -29 29 -31
leaf_value=-0.00090312983502416767 0.094538124615237834 -0.13531616531933349 0.11390406464536984 0.10767452569435472 -0.10057349375942176 0.038093114197254183 -0.015948285262745162 -0.11826361365812391 -0.21926849583784738 0.077317263744771492 -0.10648209493735741 0.20436460316181182 0.24276779478504543 0.016666887247044109 -0.24774666568980766 0.13088492198059193 -0.016780946978320509 -0.30158079624176026 0.22234174326062203 -0.091478403495705657 0.079108826878170169 -0.20537526032020309 0.14789063322544099 -0.11719266131520273 0.27021384392465864 0.21505923804361374 -0.15247087575766302 0.13673771484331651 -0.07313920812387216 0.057478970335423957
leaf_weight=2029 21 24 24 23 34 20 52 38 27 34 29 20 21 23 26 26 59 20 20 23 36 29 25 20 35 32 67 22 57 125
leaf_count=2029 21 24 24 23 34 20 52 38 27 34 29 20 21 23 26 26 59 20 20 23 36 29 25 20 35 32 67 22 57 125
internal_value=3.14754e-11 -0.000657384 0.000421324 -0.000495091 -0.00133873 -0.000181278 0.0540933 -0.00196992 -0.000382573 -0.0708827 -0.00728879 0.00197267 0.142926 0.103968 0.000318268 -0.0443521 -0.00862062 -0.0685886 0.0437564 0.0265103 0.0034562 -0.064139 0.0058582 0.00900115 0.00435807 0.0359408 0.00887958 -0.0809811 0.0462516 0.0165711
internal_weight=3041 3020 2996 2972 2949 2915 93 2822 2784 90 63 2694 41 43 2651 174 148 69 79 49 2477 85 2392 56 2367 338 303 89 214 182
internal_count=3041 3020 2996 2972 2949 2915 93 2822 2784 90 63 2694 41 43 2651 174 148 69 79 49 2477 85 2392 56 2367 338 303 89 214 182
is_linear=0
shrinkage=0.1


Tree=61
num_leaves=31
num_cat=0
split_feature=1 1 2 6 1 1 2 6 6 4 4 1 0 0 2 3 1 5 5 1 2 1 1 3 5 4 3 1 6 3
split_gain=17.0506 38.3178 52.8628 75.2789 26.5975 102.679 72.3405 62.1267 108.895 87.0467 69.8856 108.376 67.915 61.553 59.9546 86.2457 54.263 108.197 137.211 148.328 129.492 52.2307 127.345 49.0182 59.8078 33.9123 150.251 114.181 76.3704 67.7174
threshold=461.00000000000006 336.32000000000005 434.50000000000006 6.3889899428465053 260.20000000000005 253.06250000000003 567.50000000000011 13.611917626858695 17.624983783246119 528.11782316764982 402.19610283658278 289.00000000000006 2376.5000000000005 1144.0000000000002 899.00000000000011 51.500000000000007 234.18750000000003 17599563.061578128 36371381.212523907 241.50000000000003 408.50000000000006 229.50000000000003 225.50000000000003 91.500000000000014 33629547.574562855 763.55033632469815 188.50000000000003 184.50000000000003 3.9961178496686425 385.50000000000006
decision_type=2 2 2 2 2 2 2 2 2 2 2 2 2 2 2 2 2 2 2 2 2 2 2 2 2 2 2 2 2 2
left_child=1 4 -3 -4 5 16 13 9 -9 10 11 -6 -10 -7 15 -11 21 20 -19 -20 -18 22 25 24 -23 29 28 -28 -27 -1
right_child=-2 2 3 -5 7 6 -8 8 12 14 -12 -13 -14 -15 -16 -17 17 18 19 -21 -22 23 -24 -25 -26 26 27 -29 -30 -31
leaf_value=0.0053277699067091379 0.076311586437554202 0.0098354564824452012 -0.28603889591991905 -0.027982933009759736 -0.12757357270456851 -0.075807132240798741 0.014894047970401831 0.22382385593194229 -0.094966340737958121 -0.036621782732637304 0.18653617873787881 0.12882969686213661 0.10569131587808196 -0.29137993452067557 0.033353503889271191 -0.27876205220818523 0.029841746012560833 -0.19820774048566819 0.2689730576846911 -0.056130839997139352 0.30365733446613441 -0.11446296351571238 0.24567465157735918 -0.19841594273597005 0.10734035030007363 -0.23641020372509958 0.23121768274542057 -0.048989094560965896 -0.050923673225792526 -0.13500265777111053
leaf_weight=1964 29 48 20 26 32 27 29 39 31 38 31 34 37 26 35 24 39 28 23 36 31 31 21 25 20 25 33 26 198 35
leaf_count=1964 29 48 20 26 32 27 29 39 31 38 31 34 37 26 35 24 39 28 23 36 31 31 21 25 20 25 33 26 198 35
internal_value=4.60646e-11 -0.00073474 -0.0635769 -0.140181 0.00128965 -0.00194822 -0.112082 0.0294408 0.0906145 -0.00429932 0.0626853 0.00451296 0.014215 -0.18156 -0.071284 -0.130353 0.0016143 0.0585545 -0.0159097 0.0706046 0.151103 -0.002145 0.000547845 -0.0837098 -0.0274813 -0.00170891 -0.0341726 0.107737 -0.0717181 0.00287076
internal_weight=3041 3012 94 46 2918 2617 82 301 107 194 97 66 68 53 97 62 2535 157 87 59 70 2378 2302 76 51 2281 282 59 223 1999
internal_count=3041 3012 94 46 2918 2617 82 301 107 194 97 66 68 53 97 62 2535 157 87 59 70 2378 2302 76 51 2281 282 59 223 1999
is_linear=0
shrinkage=0.1


Tree=62
num_leaves=31
num_cat=0
split_feature=1 0 0 3 2 1 6 1 6 1 3 5 5 3 5 3 4 4 5 4 2 6 2 6 1 1 2 3 2 4
split_gain=17.2924 70.869 46.2176 47.2097 38.2927 30.8008 61.8773 71.4445 64.6762 61.2345 57.0766 44.3513 57.8774 54.9919 39.9546 50.3135 38.9533 33.5502 34.1766 145.705 106.317 211.42 135.377 106.53 146.876 84.9918 68.8556 125.392 97.5713 84.1714
threshold=87.750000000000014 2027.0000000000002 1131.0000000000002 26.500000000000004 41.500000000000007 119.50000000000001 7.4538899345846259 110.50000000000001 11.727940538019885 127.43000000000002 59.500000000000007 1345941013.0697498 368321334.59963793 72.500000000000014 54088686.312965564 23.500000000000004 186.08532183537179 2468.4148816346556 65727538.852661394 557.79992774652828 486.50000000000006 11.085825089295049 851.50000000000011 16.436508627655922 179.47150000000002 201.75000000000003 772.50000000000011 58.500000000000007 952.00000000000011 784.90297998759786
decision_type=2 2 2 2 2 2 2 2 2 2 2 2 2 2 2 2 2 2 2 2 2 2 2 2 2 2 2 2 2 2
left_child=1 2 3 4 -1 6 7 14 -8 10 -7 12 17 -14 15 -2 -10 18 -11 20 23 22 -22 25 -25 -20 27 29 -28 -21
right_child=5 -3 -4 -5 -6 9 8 -9 16 11 -12 -13 13 -15 -16 -17 -18 -19 19 26 21 -23 -24 24 -26 -27 28 -29 -30 -31
leaf_value=-0.060637728898571087 0.016662667354322831 -0.20881722097867172 0.12546532438559965 -0.16746047039826711 0.091095647755368006 -0.11895374370903909 -0.12388552585855508 0.24995573347523098 -0.068403914988040923 -0.0035235208796995615 0.049463516473770147 -0.13985681371255354 0.025854419125244023 0.23723295703530312 -0.062465207710862163 0.16630897298455238 0.083491859413110298 -0.11966279017860476 0.020663906766041632 0.14160726634519441 0.50788004808127885 -0.053850378344456357 0.16182154357912415 -0.0089998613856732846 0.31572937756203689 -0.21641041427850724 0.20900733069233271 -0.19301146335899833 -0.033240889348089699 -0.11084026098251343
leaf_weight=39 53 20 22 21 29 79 39 21 25 2054 27 22 32 20 25 39 52 23 62 28 20 24 26 30 26 20 23 55 60 25
leaf_count=39 53 20 22 21 29 79 39 21 25 2054 27 22 32 20 25 39 52 23 62 28 20 24 26 30 26 20 23 55 60 25
internal_value=-1.88203e-10 -0.035541 -0.00432009 -0.0364019 0.00407209 0.00159996 0.0348683 0.0801204 -0.018966 -0.00158158 -0.076055 0.00151418 0.00274446 0.107154 0.0496371 0.0800997 0.034175 0.000551696 0.00167886 0.02846 0.0863677 0.186751 0.312282 0.0354487 0.141767 -0.0371591 -0.0346017 -0.0872373 0.0338881 0.0225282
internal_weight=3041 131 111 89 68 2910 254 138 116 2656 106 2550 2528 52 117 92 77 2476 2453 399 208 70 46 138 56 82 191 108 83 53
internal_count=3041 131 111 89 68 2910 254 138 116 2656 106 2550 2528 52 117 92 77 2476 2453 399 208 70 46 138 56 82 191 108 83 53
is_linear=0
shrinkage=0.1


Tree=63
num_leaves=31
num_cat=0
split_feature=6 6 3 2 2 4 1 1 3 2 4 3 4 3 6 0 3 0 1 2 5 5 5 4 2 1 6 2 6 6
split_gain=17.8357 117.028 45.4616 54.3031 44.4333 79.3208 53.3178 37.8711 42.8634 26.763 59.2642 30.3207 73.5168 104.338 41.9696 49.6734 48.8854 41.4888 28.5819 53.8281 80.0428 27.2466 128.969 70.1211 132.128 105.655 89.2747 110.233 93.9541 76.8623
threshold=51.097989417312533 47.288344595787386 496.50000000000006 2082.0000000000005 167.50000000000003 763.55033632469815 177.50000000000003 138.12500000000003 26.500000000000004 1478.0000000000002 747.48678074560758 167.00000000000003 931.00682816441929 178.50000000000003 12.483680225506342 1486.5000000000002 205.50000000000003 4211.5000000000009 320.02000000000004 809.50000000000011 8028307.9017431131 49185671.000201605 47213200.043141089 417.22234789351074 335.50000000000006 219.00000000000003 6.6359652410775887 509.50000000000006 12.873070648514878 21.387483298078934
decision_type=2 2 2 2 2 2 2 2 2 2 2 2 2 2 2 2 2 2 2 2 2 2 2 2 2 2 2 2 2 2
left_child=1 2 3 9 7 6 -6 -2 -9 11 -11 18 13 -13 16 -16 -15 -14 21 20 -20 22 -1 24 -23 26 27 -26 -28 -25
right_child=4 -3 -4 -5 5 -7 -8 8 -10 10 -12 12 17 14 15 -17 -18 -19 19 -21 -22 23 -24 29 25 -27 28 -29 -30 -31
leaf_value=0.0010987061458120591 -0.079798769649849943 0.2090734988451004 0.10854137084986036 -0.14542303308844567 -0.2878398532217199 0.018986140917006292 -0.062242380883544682 0.00081466629010875063 0.17650076817898525 0.20038690911162471 -0.018646827240784963 -0.26190288346260787 0.16858705327562665 0.12180876988172532 0.0056906692311167722 -0.20223774634025715 -0.041095423006585668 -0.019363994089265667 0.11304678186548478 -0.17384566263510631 -0.083952287550676963 0.0032782124189866917 -0.21150241545562087 -0.03228034685207639 0.23385931792167516 -0.068953127935528755 0.41522260645031928 -0.06334014261762301 0.12830504150617691 0.11067541560200467
leaf_weight=1774 28 27 38 26 22 38 20 41 21 21 30 24 23 25 20 27 70 24 33 26 55 180 29 259 26 20 25 24 21 44
leaf_count=1774 28 27 38 26 22 38 20 41 21 21 30 24 23 25 20 27 70 24 33 26 55 180 29 259 26 20 25 24 21 44
internal_value=-2.32965e-10 0.00186357 -0.000103617 -0.00157493 -0.0314723 -0.0856981 -0.180412 0.0167284 0.0603212 -0.00022959 0.0715435 -0.0015709 -0.037798 -0.0690586 -0.0364653 -0.113758 0.0017741 0.0726121 0.00149602 -0.0474282 -0.0100776 0.00381799 -0.00232083 0.0222959 0.0569127 0.140139 0.183699 0.0912036 0.284239 -0.0115211
internal_weight=3041 2871 2844 2806 170 80 42 90 62 2780 51 2729 213 166 142 47 95 47 2516 114 88 2402 1803 599 296 116 96 50 46 303
internal_count=3041 2871 2844 2806 170 80 42 90 62 2780 51 2729 213 166 142 47 95 47 2516 114 88 2402 1803 599 296 116 96 50 46 303
is_linear=0
shrinkage=0.1


Tree=64
num_leaves=31
num_cat=0
split_feature=2 2 4 4 1 1 6 2 4 0 1 3 3 2 3 1 3 2 5 1 6 2 4 5 5 3 1 1 6 5
split_gain=17.1297 36.0676 23.6341 25.0727 24.2824 29.6582 48.3041 94.3991 40.2687 89.1023 32.928 50.3436 52.7069 79.5233 152.359 104.522 78.9164 56.4398 60.7499 78.4546 64.7365 93.121 98.195 126.408 121.913 116.809 90.5923 77.4923 77.0885 144.616
threshold=2500.5000000000005 1939.5000000000002 3187.8125545118064 2006.0470869618991 461.00000000000006 320.02000000000004 5.4526622289206346 389.50000000000006 459.98410225145903 2493.0000000000005 201.75000000000003 3.5000000000000004 28.500000000000004 259.50000000000006 12.500000000000002 216.50000000000003 14.500000000000002 151.50000000000003 82194611.370057955 236.25000000000003 17.908781683916875 246.50000000000003 1006.8076858530889 18094614.356703088 19715406.987728108 71.500000000000014 226.75000000000003 247.50000000000003 4.0541807788930084 2069447.8776348832
decision_type=2 2 2 2 2 2 2 2 2 2 2 2 2 2 2 2 2 2 2 2 2 2 2 2 2 2 2 2 2 2
left_child=1 2 3 4 5 10 7 -7 -8 -10 -1 -12 13 15 -15 -13 -17 -14 20 -20 21 -19 23 28 -24 26 -25 -22 29 -23
right_child=-2 -3 -4 -5 -6 6 8 -9 9 -11 11 12 17 14 -16 16 -18 18 19 -21 27 22 24 25 -26 -27 -28 -29 -30 -31
leaf_value=-0.0051107695625038606 0.090003636195546105 -0.12272711141655844 0.10133144361493381 -0.083376528012255827 0.10076255798339845 0.023120851103555076 0.12312889209017158 -0.26090081519447267 -0.19949318369229635 0.077454075245903087 -0.083958538704448277 0.19666899492343268 -0.11844730521693375 -0.070904214597410628 0.20712545778449268 0.03747342590774809 -0.15073121592301775 0.2016246436238289 -0.18214864595369862 0.026148679861798887 0.26135109290480613 0.053399109023522184 -0.0525942171161825 -0.18648225380615757 0.25520701196885881 -0.19234564466798892 0.048748182857525538 0.032173132316933743 0.14518067911267282 -0.2403496644326619
leaf_weight=1991 21 24 23 36 24 22 20 25 21 26 45 24 33 27 73 56 37 25 33 40 25 83 22 22 31 61 64 36 50 21
leaf_count=1991 21 24 23 36 24 22 20 25 21 26 45 24 33 27 73 56 37 25 33 40 25 83 22 22 31 61 64 36 50 21
internal_value=-3.16773e-11 -0.000625853 0.000352261 -0.000428943 0.000587779 -0.000237554 -0.0502354 -0.127955 0.00428398 -0.0462883 0.0017988 0.0188247 0.0248867 0.0665772 0.132057 0.0106112 -0.0374037 0.00831732 0.0164718 -0.0680131 0.0304886 0.0151002 0.00192755 -0.0201727 0.12744 -0.0865021 -0.011427 0.126099 0.0431417 -0.00591555
internal_weight=3041 3020 2996 2973 2937 2913 114 47 67 47 2799 808 763 217 100 117 93 546 513 73 440 379 354 301 53 147 86 61 154 104
internal_count=3041 3020 2996 2973 2937 2913 114 47 67 47 2799 808 763 217 100 117 93 546 513 73 440 379 354 301 53 147 86 61 154 104
is_linear=0
shrinkage=0.1


Tree=65
num_leaves=31
num_cat=0
split_feature=6 6 2 6 0 1 6 6 0 0 0 0 6 4 5 5 4 5 2 6 4 6 2 0 4 6 6 2 4 4
split_gain=17.5923 75.7461 155.341 62.0625 135.12 70.6083 69.2335 73.8803 57.0824 101.739 50.9505 109.137 100.72 71.6054 98.7794 86.8925 148.112 69.0407 79.2415 73.7798 66.8172 62.5878 130.586 125.228 160.913 226.121 123.101 109.715 106.015 95.0019
threshold=7.3001284330789504 6.5080787650013576 657.00000000000011 7.6409750486511188 2256.0000000000005 179.47150000000002 7.7667962829249921 7.9294262149348489 1804.5000000000002 987.50000000000011 1845.5000000000002 2005.5000000000002 15.900663564685514 880.38266199927011 64933159.7874934 51259889.854496852 327.23922397459773 45168544.19570078 66.500000000000014 8.5177210462153656 528.11782316764982 28.652279712128216 448.50000000000006 3036.5000000000005 620.53407172579307 13.745257915099058 51.097989417312533 405.50000000000006 865.6829227295492 654.71558622048167
decision_type=2 2 2 2 2 2 2 2 2 2 2 2 2 2 2 2 2 2 2 2 2 2 2 2 2 2 2 2 2 2
left_child=1 -1 8 4 5 -2 -5 -8 9 -3 13 12 -12 14 15 17 -17 18 -9 -20 -16 22 27 24 -24 -26 28 -13 -23 -25
right_child=3 2 -4 6 -6 -7 7 10 -10 -11 11 21 -14 -15 20 16 -18 -19 19 -21 -22 26 23 29 25 -27 -28 -29 -30 -31
leaf_value=0.0010529528671100036 0.13414409220218659 -0.05357899340716276 0.28530322405798686 0.18119328200817109 -0.31196267775126868 -0.13157820850610732 -0.19700742095708848 0.027591906008896178 -0.10569925629175628 0.19666806212626398 0.33663640635088088 -0.032070751488208774 0.019272033236920835 -0.16927043968631375 0.023279762613986218 0.0057065624743700034 -0.32574956399890098 0.13815721651682486 0.1165910049625065 -0.06883761457662331 0.18509241871252016 0.25156601019376934 0.1779397478255515 -0.13245375985662416 -0.18344697140157223 0.19536693932918403 -0.047550662825333663 -0.33938673663707009 0.026817150595711499 0.0052109362231567502
leaf_weight=1435 20 33 29 20 21 20 20 167 26 32 20 26 20 31 126 28 26 26 23 320 32 43 78 73 40 26 58 21 41 160
leaf_count=1435 20 33 29 20 21 20 20 167 26 32 20 26 20 31 126 28 26 26 23 320 32 43 78 73 40 26 58 21 41 160
internal_value=-1.4221e-10 0.00743529 0.0837574 -0.00778053 -0.106556 0.00128294 -0.00355226 -0.00618209 0.0195285 0.0696196 -0.00342649 0.0183196 0.177954 -0.0203432 -0.0141711 -0.0329766 -0.153883 -0.0207957 -0.0288992 -0.0564036 0.0560519 0.00703804 -0.0122061 0.00738883 0.0807011 -0.0342172 0.0644993 -0.169382 0.141867 -0.0379201
internal_weight=3041 1555 120 1486 61 40 1425 1405 91 65 1385 606 40 779 748 590 54 536 510 343 158 566 424 377 144 66 142 47 84 233
internal_count=3041 1555 120 1486 61 40 1425 1405 91 65 1385 606 40 779 748 590 54 536 510 343 158 566 424 377 144 66 142 47 84 233
is_linear=0
shrinkage=0.1


Tree=66
num_leaves=31
num_cat=0
split_feature=5 0 1 1 1 1 3 3 3 3 1 3 4 3 5 1 2 0 6 4 6 5 1 2 1 3 0 5 4 6
split_gain=14.7171 65.0392 35.3837 49.7639 74.6915 36.4716 42.3853 54.2205 89.8739 43.6089 45.0679 30.3813 29.3334 98.0031 77.7996 75.2762 60.0787 45.4091 38.8062 34.8805 56.9958 32.5964 44.175 87.7358 101.826 71.3379 67.085 43.5775 52.0838 47.6463
threshold=1.0000000180025095e-35 299.50000000000006 289.00000000000006 254.48500000000004 232.50000000000003 215.25000000000003 118.50000000000001 77.500000000000014 55.500000000000007 39.500000000000007 169.50000000000003 162.50000000000003 232.64974188269647 40.500000000000007 103326498.54348023 183.50000000000003 417.50000000000006 1454.5000000000002 3.3040340146723071 246.43147235707559 18.033494926334154 6598216.1260030018 210.46350000000004 335.50000000000006 167.50000000000003 42.500000000000007 974.50000000000011 20991987.823936727 270.92322204713099 15.50550901618246
decision_type=2 2 2 2 2 2 2 2 2 2 2 2 2 2 2 2 2 2 2 2 2 2 2 2 2 2 2 2 2 2
left_child=2 -2 3 4 5 6 7 8 9 10 -1 -8 13 14 16 17 18 -15 -3 20 -14 22 23 24 -21 26 -24 28 -23 -30
right_child=1 12 -4 -5 -6 -7 11 -9 -10 -11 -12 -13 19 15 -16 -17 -18 -19 -20 21 -22 27 25 -25 -26 -27 -28 -29 29 -31
leaf_value=-0.020782854884180805 -0.091858494651969533 0.065534982129054911 0.11403038769083865 -0.13506094343028963 0.18028244903454416 -0.087798799260666499 0.19240498330798889 -0.10565098086144867 0.16067282081532636 -0.10144792558291021 0.072693013013512997 0.034469611184864211 0.0031240399181842807 -0.13840981470169247 0.16734863720261134 -0.26660705328298112 -0.17598736562899181 0.021678761601009788 -0.019965608424145329 0.0010728787800127809 0.18484190267377668 -0.15071529466658831 0.054776953961010337 -0.068569069694389001 0.27881581302393571 0.13491538178462248 -0.15635608925538905 0.0079667692229719068 0.0017377516313172806 -0.071740442528923767
leaf_weight=142 80 68 34 23 26 38 21 41 38 39 81 29 45 37 26 24 21 34 242 22 28 32 27 22 33 26 34 1287 319 122
leaf_count=142 80 68 34 23 26 38 21 41 38 39 81 29 45 37 26 24 21 34 242 22 28 32 27 22 33 26 34 1287 319 122
internal_value=2.38282e-10 -0.00313014 0.0154612 0.00844997 0.0157044 0.00572994 0.0148197 0.00221225 0.0169536 -0.00389122 0.0131703 0.100802 -0.000231703 -0.0232359 0.000784402 -0.113502 -0.0122992 -0.0617477 -0.00121064 0.00497505 0.072824 0.00240074 0.0450407 0.100208 0.167719 -0.00378539 -0.0629038 -0.00157253 -0.0275283 -0.0185895
internal_weight=3041 2529 512 478 455 429 391 341 300 262 223 50 2449 452 357 95 331 71 310 1997 73 1924 164 77 55 87 61 1760 473 441
internal_count=3041 2529 512 478 455 429 391 341 300 262 223 50 2449 452 357 95 331 71 310 1997 73 1924 164 77 55 87 61 1760 473 441
is_linear=0
shrinkage=0.1


Tree=67
num_leaves=31
num_cat=0
split_feature=2 2 2 4 5 5 6 5 3 3 5 3 6 6 5 4 6 2 6 2 2 1 1 0 5 6 5 6 1 5
split_gain=13.8917 28.7043 19.4741 19.4394 25.962 24.1327 98.464 31.7591 59.0489 61.0736 22.4719 212.124 30.2751 76.2264 63.3579 53.9472 34.2121 25.5961 20.3025 76.6597 57.4641 140.648 107.626 100.185 59.6155 54.1107 68.5528 45.9326 167.451 65.9895
threshold=2500.5000000000005 1939.5000000000002 1666.0000000000002 3187.8125545118064 1345941013.0697498 417014072.37469321 19.727659687157935 243729542.75715378 41.500000000000007 110.50000000000001 167618415.17669168 48.500000000000007 51.097989417312533 47.288344595787386 41060458.807838276 515.69999733228963 81.352356282818135 61.500000000000007 15.50550901618246 962.50000000000011 170.50000000000003 180.07500000000002 159.99450000000004 1926.5000000000002 64933159.7874934 18.37638034672668 22558040.807039905 13.611917626858695 247.50000000000003 48096203.26954072
decision_type=2 2 2 2 2 2 2 2 2 2 2 2 2 2 2 2 2 2 2 2 2 2 2 2 2 2 2 2 2 2
left_child=1 2 3 4 5 7 -7 10 -9 -10 12 -12 13 18 16 -16 -14 -18 27 20 24 22 -22 -23 -20 -25 -27 -1 29 -29
right_child=-2 -3 -4 -5 -6 6 -8 8 9 -11 11 -13 14 -15 15 -17 17 -19 19 -21 21 23 -24 25 -26 26 -28 28 -30 -31
leaf_value=0.0005245108435073582 0.081051897754271837 -0.10949056497775018 0.090026333803931879 0.091162226430099955 -0.10935584855350583 0.16353331993644438 -0.11320322494953872 -0.21387047022581102 0.12013887584209443 -0.12699186123907566 0.27088524886855375 -0.099908293411135676 -0.058471781982386367 0.17845083462695283 -0.051256998679761238 -0.26474249169230463 -0.019927313090080306 0.12850863321218639 -0.013691840628721839 0.11934653347408451 -0.034876431508196727 -0.099478583931922923 -0.24020200511914191 -0.060462210327386856 0.14062846688361005 -0.016272943502380736 0.21107402160479172 0.062808231732179962 0.29357242184877397 -0.14704285704571268
leaf_weight=2004 21 24 24 23 22 36 20 20 20 20 27 36 47 24 29 20 21 26 183 37 45 55 59 21 29 21 36 43 25 23
leaf_count=2004 21 24 24 23 22 36 20 20 20 20 27 36 47 24 29 20 21 26 183 37 45 55 59 21 29 21 36 43 25 23
internal_value=-1.2633e-11 -0.000563606 0.000308973 -0.000415528 -0.00112977 -0.000316314 0.0646988 -0.00158446 -0.0735745 -0.00342649 -4.78537e-05 0.0590032 -0.00140164 0.00105758 -0.0462009 -0.138394 0.0018572 0.0621862 -0.000591947 -0.0190062 -0.0304072 -0.0642424 -0.151359 0.00387898 0.00741801 0.0767593 0.127315 0.00367981 0.0731657 -0.0103217
internal_weight=3041 3020 2996 2972 2949 2927 56 2871 60 40 2811 63 2748 2605 143 49 94 47 2581 486 449 237 104 133 212 78 57 2095 91 66
internal_count=3041 3020 2996 2972 2949 2927 56 2871 60 40 2811 63 2748 2605 143 49 94 47 2581 486 449 237 104 133 212 78 57 2095 91 66
is_linear=0
shrinkage=0.1


Tree=68
num_leaves=31
num_cat=0
split_feature=3 2 5 3 1 0 6 0 2 0 6 1 1 4 1 3 6 3 3 4 0 0 5 5 4 4 6 3 3 3
split_gain=13.3703 65.2268 29.4305 48.0069 56.0869 16.8692 67.7227 48.7806 31.802 27.2609 27.7985 20.1318 62.4079 131.686 48.6576 95.314 72.9731 62.0515 28.7321 100.798 118.065 104.77 90.8699 46.7146 46.6579 112.369 136.279 132.744 103.106 204.889
threshold=2.5000000000000004 164.50000000000003 2805684.2874871022 1.0000000180025095e-35 219.00000000000003 5920.5000000000009 11.476199542192807 7599.5000000000009 1478.0000000000002 5262.0000000000009 180.99186426589245 309.04600000000005 292.50000000000006 509.27211318846417 385.00000000000006 55.500000000000007 10.446956574250274 38.500000000000007 125.50000000000001 747.48678074560758 2903.5000000000005 4062.5000000000005 54088686.312965564 41060458.807838276 865.6829227295492 451.20753746003805 3.3040340146723071 110.50000000000001 94.500000000000014 78.500000000000014
decision_type=2 2 2 2 2 2 2 2 2 2 2 2 2 2 2 2 2 2 2 2 2 2 2 2 2 2 2 2 2 2
left_child=1 2 3 4 -1 8 -7 -8 9 10 11 12 18 -14 16 -16 17 -13 24 20 -20 22 -21 -22 25 -2 -27 28 29 -28
right_child=5 -3 -4 -5 -6 6 7 -9 -10 -11 -12 14 13 -15 15 -17 -18 -19 19 21 23 -23 -24 -25 -26 26 27 -29 -30 -31
leaf_value=-0.06792597947642208 -0.0022975524661168409 -0.18799484656615692 -0.078263593710174689 0.13930549006736667 0.12370793996822267 -0.18500463087111713 -0.063729048921511725 0.10588236431280772 0.093838077018919747 0.096528761386871345 -0.11678193010389806 -0.025372592629543667 0.31176585659384726 -0.032497407734394072 -0.078662888447825735 0.20080111726470617 0.019898225936022671 -0.21960550857413758 -0.025946902899945879 0.25922178754117342 -0.10875432491302491 -0.07898561622827284 -0.0047882980921051723 -0.31504482406945455 -0.041054170391488572 -0.10000184567272663 0.049545437343315124 0.32633162036538127 -0.098933301410741289 0.28847457581176988
leaf_weight=56 1527 22 38 27 21 24 39 30 38 30 20 29 20 25 26 23 55 38 196 32 23 31 22 21 193 50 288 20 36 41
leaf_count=56 1527 22 38 27 21 24 39 30 38 30 20 29 20 25 26 23 55 38 196 32 23 31 22 21 193 50 288 20 36 41
internal_value=-1.44598e-10 -0.0277722 -0.00294899 0.0245698 -0.0156622 0.00158312 -0.0403126 0.010015 0.00298266 0.00172537 0.000678205 0.00154957 0.00379836 0.120508 -0.0316563 0.0525141 -0.0654624 -0.135535 0.00168064 -0.0260359 -0.0591787 0.0675435 0.151662 -0.207211 0.00586063 0.0104756 0.0553138 0.0754846 0.0617396 0.0793208
internal_weight=3041 164 142 104 77 2877 93 69 2784 2746 2716 2696 2525 45 171 49 122 67 2480 325 240 85 54 44 2155 1962 435 385 365 329
internal_count=3041 164 142 104 77 2877 93 69 2784 2746 2716 2696 2525 45 171 49 122 67 2480 325 240 85 54 44 2155 1962 435 385 365 329
is_linear=0
shrinkage=0.1


Tree=69
num_leaves=31
num_cat=0
split_feature=6 6 6 0 6 6 1 1 2 1 2 0 4 1 4 2 6 0 2 4 4 5 1 5 5 5 5 6 0 3
split_gain=13.0269 66.1549 50.4334 109.776 55.5109 62.9329 54.7938 44.749 103.23 237.458 189.819 134.368 221.421 96.8268 150.316 66.795 62.7601 75.977 202.641 89.4123 89.083 102.375 62.0431 61.9747 110.585 59.6374 55.7078 52.4488 51.1521 108.238
threshold=7.3001284330789504 7.0960527392195933 7.6409750486511188 2256.0000000000005 7.7667962829249921 7.9294262149348489 179.47150000000002 157.75000000000003 335.50000000000006 127.43000000000002 573.00000000000011 1567.5000000000002 533.8526816147272 165.50000000000003 359.62756047423966 593.50000000000011 8.5177210462153656 2594.0000000000005 587.50000000000011 710.70415260440029 309.41537642958605 78374350.678437933 178.34000000000003 11795744.217935281 19715406.987728108 53206228.208557166 35227758.89457529 18.033494926334154 1522.5000000000002 99.500000000000014
decision_type=2 2 2 2 2 2 2 2 2 2 2 2 2 2 2 2 2 2 2 2 2 2 2 2 2 2 2 2 2 2
left_child=1 -1 3 6 -4 -6 -2 8 11 15 -11 12 -7 14 27 -10 26 20 19 -19 21 -18 -22 -20 -25 -12 -15 -9 -24 -30
right_child=2 -3 4 -5 5 7 -8 13 9 10 25 -13 -14 16 -16 -17 17 18 23 -21 22 -23 28 24 -26 -27 -28 -29 29 -31
leaf_value=0.0040438107719663113 0.11850437611341476 0.18709694653749467 0.16254274313803763 -0.28088083267211916 -0.18135930212680251 -0.014551460453614651 -0.11557648584246637 0.13505269290879371 -0.20626811072939921 0.3714966079270518 -0.057658376438277106 -0.22592714056372643 0.31620170948180287 -0.0057989375157789756 -0.24558469663289462 0.023254373844247313 0.0088080743776767379 0.37684438485990873 0.16878880957762402 0.10744702337043627 -0.15208069076940706 0.24814359955489637 -0.074458518426003706 -0.19293684486685128 0.016712743726706034 0.17542538500350457 -0.22838036638239156 -0.082211941778659828 0.055465683103962382 -0.16170493497930727
leaf_weight=1535 20 20 20 21 20 253 20 20 21 37 21 26 22 22 44 32 168 22 21 28 52 20 147 29 190 23 23 25 110 29
leaf_count=1535 20 20 20 21 20 253 20 20 21 37 21 26 22 22 44 32 168 22 21 28 52 20 147 29 190 23 23 25 110 29
internal_value=-3.06041e-10 0.00639819 -0.00669528 -0.0957367 -0.00288368 -0.00523851 0.00146395 -0.00269525 0.0238682 0.0968794 0.20456 -0.00863517 0.0119088 -0.0148585 -0.114157 -0.0676885 -0.00459419 0.00174598 0.0428411 0.225982 -0.020911 0.0342693 -0.051603 0.00468674 -0.0110491 0.0641809 -0.119563 0.0143501 -0.0333343 0.0101567
internal_weight=3041 1555 1486 61 1425 1405 40 1385 435 134 81 301 275 950 89 53 861 816 290 50 526 188 338 240 219 44 45 45 286 139
internal_count=3041 1555 1486 61 1425 1405 40 1385 435 134 81 301 275 950 89 53 861 816 290 50 526 188 338 240 219 44 45 45 286 139
is_linear=0
shrinkage=0.1


Tree=70
num_leaves=31
num_cat=0
split_feature=3 2 0 1 2 6 1 0 2 6 1 3 3 0 0 1 4 4 0 2 1 6 6 1 6 6 4 2 3 4
split_gain=13.6669 24.0424 20.8853 118.23 29.5973 82.1221 28.6108 106.155 115.469 99.9785 77.5616 117.861 109.547 87.9489 54.4388 45.499 49.6908 67.5021 49.3798 46.433 123.176 35.6152 136.744 83.4263 75.2746 82.7263 159.213 51.7318 90.2305 105.05
threshold=698.00000000000011 1939.5000000000002 4836.5000000000009 152.50000000000003 1089.5000000000002 23.316700168143292 148.25000000000003 2747.5000000000005 614.50000000000011 9.4587309038367007 154.50000000000003 71.500000000000014 104.50000000000001 1199.5000000000002 726.00000000000011 145.07000000000002 648.18542658648755 399.4017030655296 1097.0000000000002 192.50000000000003 126.18750000000001 18.033494926334154 20.89455841286809 194.12500000000003 16.904654114797584 15.50550901618246 497.21145730099835 66.500000000000014 43.500000000000007 300.96639794931087
decision_type=2 2 2 2 2 2 2 2 2 2 2 2 2 2 2 2 2 2 2 2 2 2 2 2 2 2 2 2 2 2
left_child=1 2 6 -4 -5 -6 7 8 15 -9 11 13 -13 14 -8 16 17 18 19 -1 -21 24 23 -23 25 -12 -27 -24 29 -29
right_child=-2 -3 3 4 5 -7 10 9 -10 -11 21 12 -14 -15 -16 -17 -18 -19 -20 20 -22 22 27 -25 -26 26 -28 28 -30 -31
leaf_value=-0.0066635081386415967 0.076793104410171509 -0.081818103754065119 0.23049579159571576 0.087283984915568283 0.026323636356861364 -0.19153649720052879 0.01638277000861197 -0.28957892810856856 0.20743458978831769 -0.0090673160739243031 0.0063055176446637651 0.36880164559591905 0.059870414715260271 -0.12233665031380953 0.21762186639010905 -0.14550731841188211 0.10192572763063819 -0.12524280418764872 0.057674011513206759 0.023883691321058973 -0.23354795036070489 -0.28328990417142069 0.071040037337815207 -0.021326401978731157 0.13058202193772539 0.043799127437747443 -0.31739190620086766 0.048639250659581384 0.023966583849599699 -0.16828938223745513
leaf_weight=377 23 36 26 26 62 24 41 27 24 24 1496 22 24 32 20 26 37 53 97 41 34 31 71 20 47 26 23 33 149 69
leaf_count=377 23 36 26 26 62 24 41 27 24 24 1496 22 24 32 20 26 37 53 97 41 34 31 71 20 47 26 23 33 149 69
internal_value=3.63338e-10 -0.000585235 0.000395443 0.0383874 -0.00620917 -0.0344745 -0.00144805 -0.0183605 -0.00805594 -0.157573 0.00450025 0.0766898 0.20762 0.0119286 0.0823628 -0.015833 -0.0105568 -0.0174702 -0.00706587 -0.0209592 -0.0928187 -0.000606285 -0.0284196 -0.180559 0.00591028 0.00211768 -0.12574 -0.00432301 -0.0256408 -0.0981066
internal_weight=3041 3018 2982 138 112 86 2844 740 689 51 2104 139 46 93 61 665 639 602 549 452 75 1965 373 51 1592 1545 49 322 251 102
internal_count=3041 3018 2982 138 112 86 2844 740 689 51 2104 139 46 93 61 665 639 602 549 452 75 1965 373 51 1592 1545 49 322 251 102
is_linear=0
shrinkage=0.1


Tree=71
num_leaves=31
num_cat=0
split_feature=2 2 2 4 4 2 4 3 1 1 2 6 3 2 5 1 1 6 6 0 2 1 1 3 0 1 4 4 1 5
split_gain=12.3245 22.0962 16.5136 14.8139 21.6581 24.6563 20.1836 24.1439 18.8806 21.1668 42.4318 36.3073 19.6369 18.2549 49.3094 23.2381 19.3217 91.6831 48.8206 41.8614 34.9407 111.198 230.464 87.3817 34.6782 27.441 138.622 176.695 65.2567 98.8302
threshold=2500.5000000000005 1939.5000000000002 1666.0000000000002 3187.8125545118064 2006.0470869618991 1520.0000000000002 1620.6673986900321 104.50000000000001 461.00000000000006 336.32000000000005 434.50000000000006 6.3889899428465053 35.500000000000007 1213.0000000000002 62501166.90701244 222.50000000000003 292.50000000000006 3.2484956168492078 8.5897244609334376 2345.5000000000005 907.50000000000011 179.47150000000002 219.00000000000003 107.50000000000001 3318.5000000000005 251.50000000000003 796.40679678732829 620.53407172579307 234.18750000000003 15101777.955556357
decision_type=2 2 2 2 2 2 2 2 2 2 2 2 2 2 2 2 2 2 2 2 2 2 2 2 2 2 2 2 2 2
left_child=1 2 3 4 5 6 8 -8 9 13 12 -12 -11 16 15 -15 20 -18 -19 -20 25 23 -23 -22 -24 28 27 -27 -1 -30
right_child=-2 -3 -4 -5 -6 -7 7 -9 -10 10 11 -13 -14 14 -16 -17 17 18 19 -21 21 22 24 -25 -26 26 -28 -29 29 -31
leaf_value=-0.00035563727881830645 0.076343121521529708 -0.096100724488496783 0.082851528376340869 0.079511254896288339 -0.080406933738028305 -0.10809573438905536 0.14528988017922356 -0.0063485753678140192 0.087961177776257199 -0.053759670967147469 -0.21812077715992928 -0.037354085594415665 0.076254130585584792 -0.090894180499017249 0.16686140115683279 0.056491530330284784 0.2176071395530649 -0.13577863120219924 -0.029694604863013542 0.14397461066103501 -0.08709357957597133 -0.42588110029697418 0.078242221623659139 0.1554819444815318 -0.09292163432672107 -0.030857042228283529 0.17449673921973619 -0.34095492597137178 0.20401517659425739 -0.00030622037834134594
leaf_weight=2144 21 24 24 23 34 21 21 21 24 21 20 25 26 20 24 23 23 22 35 23 27 20 20 33 29 147 27 21 40 58
leaf_count=2144 21 24 24 23 34 21 21 21 24 21 20 25 26 20 24 23 23 22 35 23 27 20 20 33 29 147 27 21 40 58
internal_value=1.78241e-11 -0.000530863 0.000234717 -0.000432444 -0.00105595 -0.000130411 0.000653028 0.0694707 -0.000360415 -0.00110996 -0.0482893 -0.117695 0.0181629 0.000476477 0.0520313 -0.01206 -0.000817705 0.0416499 -0.00893781 0.0391742 -0.00252237 -0.0532413 -0.139819 0.046323 -0.0230588 0.000162385 -0.0358186 -0.0696193 0.00329186 0.0830903
internal_weight=3041 3020 2996 2972 2949 2915 2894 42 2852 2828 92 45 47 2736 67 43 2669 103 80 58 2566 129 69 60 49 2437 195 168 2242 98
internal_count=3041 3020 2996 2972 2949 2915 2894 42 2852 2828 92 45 47 2736 67 43 2669 103 80 58 2566 129 69 60 49 2437 195 168 2242 98
is_linear=0
shrinkage=0.1


Tree=72
num_leaves=31
num_cat=0
split_feature=4 4 4 4 1 0 4 2 2 1 0 0 3 6 0 1 3 0 2 2 0 0 5 6 1 6 6 6 2 0
split_gain=13.0233 45.4183 91.4067 77.1515 97.2201 75.3417 61.0293 75.7868 128.593 126.546 61.5059 43.8155 79.5613 60.4351 47.7829 39.3843 55.9258 38.4231 34.8581 179.219 134.24 65.2784 58.8408 57.4619 67.3436 49.1463 121.525 54.4426 49.4624 48.1307
threshold=283.22808409181567 372.83794493573151 381.43673493574119 348.13584637268855 179.47150000000002 1338.5000000000002 340.67945787855882 486.50000000000006 384.50000000000006 191.20300000000003 1588.5000000000002 2060.0000000000005 96.500000000000014 5.1599419890159437 1910.0000000000002 147.50000000000003 26.500000000000004 1735.5000000000002 222.50000000000003 204.50000000000003 1522.5000000000002 1131.0000000000002 6833823.2120083189 5.8344392223867114 138.93750000000003 41.449047110532469 51.097989417312533 77.166862313052647 259.50000000000006 1199.5000000000002
decision_type=2 2 2 2 2 2 2 2 2 2 2 2 2 2 2 2 2 2 2 2 2 2 2 2 2 2 2 2 2 2
left_child=11 3 17 6 -5 -6 7 8 10 -9 15 14 13 -13 -1 -2 -17 -3 19 20 22 -20 -4 -24 -25 28 -27 -28 -23 -26
right_child=1 2 18 4 5 -7 -8 9 -10 -11 -12 12 -14 -15 -16 16 -18 -19 21 -21 -22 25 23 24 29 26 27 -29 -30 -31
leaf_value=-0.0054568494993782078 0.11976147965881333 -0.054066996490582823 0.13189045935869217 -0.019269806692997618 0.085684551239013682 0.33119094198942189 -0.12251412369931738 0.015136263451792979 -0.19809891682650363 0.33391568005084993 0.19685038998723031 -0.14944529300150663 -0.24609028753780185 0.054937451542952126 0.1432655217634006 0.033871707807235217 -0.092167102667288142 -0.25008514821529387 -0.15363121012161518 0.32378670588135722 0.23967683985829355 -0.13039531436224935 0.082849061820242154 0.086023333743214608 -0.075246659512905517 0.21834073482416844 -0.14849757098016286 0.054105563306560127 -0.0039816302715470547 -0.24541028057309716
leaf_weight=1198 29 20 21 30 25 25 30 33 28 20 20 23 21 39 22 109 52 20 29 20 22 32 27 20 68 34 21 36 945 22
leaf_count=1198 29 20 21 30 25 25 30 33 28 20 20 23 21 39 22 109 52 20 29 20 22 32 27 20 68 34 21 36 945 22
internal_value=1.18528e-10 0.00566631 -0.00318683 0.0351841 0.123047 0.208438 0.0132867 0.0272868 0.0032044 0.13543 0.0300448 -0.00755797 -0.0778624 -0.020882 -0.00277497 0.0124864 -0.00683648 -0.152076 0.00140498 0.0397996 0.00824546 -0.00559495 -0.0239792 -0.0478716 -0.0799576 -0.00157524 0.0687136 -0.0205377 -0.0081221 -0.116842
internal_weight=3041 1738 1337 401 80 50 321 291 238 53 210 1303 83 62 1220 190 161 40 1297 200 180 1097 158 137 110 1068 91 57 977 90
internal_count=3041 1738 1337 401 80 50 321 291 238 53 210 1303 83 62 1220 190 161 40 1297 200 180 1097 158 137 110 1068 91 57 977 90
is_linear=0
shrinkage=0.1


Tree=73
num_leaves=31
num_cat=0
split_feature=3 2 2 2 3 3 1 2 2 3 6 6 1 3 4 1 3 5 6 1 5 4 1 1 2 2 3 3 3 3
split_gain=12.0568 54.9093 26.3043 15.9506 19.9761 91.5864 144.555 88.122 118.555 85.7339 74.24 88.9225 183.004 62.1569 56.037 42.9322 42.1477 46.7323 157.198 113.253 63.7701 60.0133 49.5732 79.233 64.0865 90.9414 97.5945 55.0418 172.118 76.0734
threshold=2.5000000000000004 164.50000000000003 1.0000000180025095e-35 10.500000000000002 33.500000000000007 30.500000000000004 159.49450000000004 871.50000000000011 731.50000000000011 35.500000000000007 5.2777861698095707 4.5056732329055391 189.90000000000003 28.500000000000004 852.31992994997836 190.02000000000001 36.500000000000007 3269706.2912509977 3.2484956168492078 239.00000000000003 39800301.765511505 174.80698408914847 125.12500000000001 148.25000000000003 434.50000000000006 353.50000000000006 89.500000000000014 60.500000000000007 84.500000000000014 107.50000000000001
decision_type=2 2 2 2 2 2 2 2 2 2 2 2 2 2 2 2 2 2 2 2 2 2 2 2 2 2 2 2 2 2
left_child=1 2 -1 -2 5 7 -7 8 10 -6 11 13 -13 -5 -12 -8 -11 22 19 20 -19 -20 -18 -24 25 26 -25 -26 -29 -30
right_child=3 -3 -4 4 9 6 15 -9 -10 16 14 12 -14 -15 -16 -17 17 18 21 -21 -22 -23 23 24 27 -27 -28 28 29 -31
leaf_value=0.07784502703335977 -0.038147241225922293 -0.17337834807959471 -0.026342466852820674 0.030199791557140074 -0.13301798643916846 0.34106113584268666 -0.04307438144460321 0.18012051297617812 -0.21932504142945014 0.11179478369427449 -0.012299158576266714 -0.0038015119199241911 0.38671475336665201 -0.14677570242257346 -0.1788452603987285 0.123440110484759 0.14762683611582308 -0.30982435526269858 -0.1344551139257171 0.048302107338200923 -0.10041748993098737 0.0022740177700565213 -0.13070348828069625 0.1307853324933255 0.11898529593433654 0.28708432728335975 -0.12441246482458981 -0.27329401282283167 0.16867424738765868 -0.039628431707620621
leaf_weight=31 98 22 111 361 50 21 32 28 24 33 532 28 21 21 21 30 34 33 33 22 26 1179 31 47 28 21 22 24 27 50
leaf_count=31 98 22 111 361 50 21 32 28 24 33 532 28 21 21 21 30 34 33 33 22 26 1179 31 47 28 21 22 24 27 50
internal_value=-8.10141e-12 -0.0263728 -0.00359731 0.00150335 0.00290161 0.013228 0.114302 0.00513038 0.000269542 -0.0040594 0.00562551 0.0367388 0.163563 0.0204708 -0.0186237 0.0374971 -5.44779e-05 -0.00239501 -0.0104628 -0.145338 -0.217543 -0.00144881 0.034336 0.0189285 0.0401092 0.104873 0.0494179 -0.00507508 -0.0394681 0.0334128
internal_weight=3041 164 142 2877 2779 1119 83 1036 1008 1660 984 431 49 382 553 62 1610 1577 1293 81 59 1212 284 250 219 90 69 129 101 77
internal_count=3041 164 142 2877 2779 1119 83 1036 1008 1660 984 431 49 382 553 62 1610 1577 1293 81 59 1212 284 250 219 90 69 129 101 77
is_linear=0
shrinkage=0.1


Tree=74
num_leaves=31
num_cat=0
split_feature=3 4 2 2 2 4 6 2 2 6 3 0 4 4 4 1 6 2 2 6 2 0 2 1 3 3 6 3 5 5
split_gain=11.4429 91.7389 27.923 22.5753 36.8881 32.5338 32.8853 25.4561 27.853 99.4875 46.8566 40.1717 110.499 127.876 94.6267 85.6119 102.909 36.106 95.419 106.128 87.2063 96.6879 82.3267 74.326 37.7107 137.237 46.5252 79.1425 58.4668 57.995
threshold=502.50000000000006 818.87038247563771 2082.0000000000005 1385.5000000000002 1283.5000000000002 747.48678074560758 13.303268298732878 1213.0000000000002 1054.0000000000002 4.4664258254051239 131.50000000000003 3626.5000000000005 366.81989216635446 606.3909764689605 842.43594835441206 252.93750000000003 24.272206299819874 802.50000000000011 737.50000000000011 8.2437190007823862 825.00000000000011 2747.5000000000005 890.50000000000011 189.90000000000003 107.50000000000001 101.50000000000001 13.47810898927723 118.50000000000001 74850540.831091568 73608025.397858813
decision_type=2 2 2 2 2 2 2 2 2 2 2 2 2 2 2 2 2 2 2 2 2 2 2 2 2 2 2 2 2 2
left_child=2 -2 3 4 7 -5 -7 8 11 -10 -11 17 -13 -14 -15 16 -16 18 24 -20 -19 23 -23 -22 25 -1 27 -26 -28 -29
right_child=1 -3 -4 5 -6 6 -8 -9 9 10 -12 12 13 14 15 -17 -18 20 19 -21 21 22 -24 -25 26 -27 28 29 -30 -31
leaf_value=-0.00076553936041801691 -0.095957438292957498 0.1996273299989601 -0.10196195724937651 0.12491779212440764 -0.10976290690802759 0.071137360082222864 -0.09942307010293007 0.10037693303823472 0.10540979692339898 -0.21018452251499353 -0.019104287099270596 0.27044114708900452 -0.18474436986446383 0.24112826824809114 -0.24531300246715546 0.13725002965619487 0.071638712641738711 -0.23116874976650528 0.26570001255188669 -0.035906489342451102 0.23829483270645141 -0.25138926966623826 0.0092111418644587207 -0.031067909513201031 -0.24749099037476949 0.21116852760314941 0.069233237582088367 -0.06707263505463866 -0.095372412762334269 0.089870299159416134
leaf_weight=2124 21 21 27 35 31 26 20 25 25 33 21 20 25 24 20 31 21 23 28 20 20 22 27 21 21 31 71 148 31 28
leaf_count=2124 21 21 27 35 31 26 20 25 25 33 21 20 25 24 20 31 21 23 28 20 20 22 27 21 21 31 71 148 31 28
internal_value=1.92476e-10 0.0518349 -0.000725931 0.000193777 -0.00126507 0.0522621 -0.00301935 -8.90479e-05 -0.000974991 -0.0595194 -0.135876 0.000703169 0.0526964 0.0167056 0.0691665 0.0118459 -0.0829719 -0.00210029 0.000396887 0.140031 -0.0573918 -0.0129821 -0.107793 0.100329 -0.00233434 0.00228316 -0.0356143 -0.0639984 0.019206 -0.0421044
internal_weight=3041 42 2999 2972 2891 81 46 2860 2835 79 54 2756 141 121 96 72 41 2615 2502 48 113 90 49 41 2454 2155 299 197 102 176
internal_count=3041 42 2999 2972 2891 81 46 2860 2835 79 54 2756 141 121 96 72 41 2615 2502 48 113 90 49 41 2454 2155 299 197 102 176
is_linear=0
shrinkage=0.1


Tree=75
num_leaves=31
num_cat=0
split_feature=2 2 5 0 4 0 2 0 1 2 3 5 6 0 0 3 0 5 3 4 1 0 5 5 3 2 5 6 4 6
split_gain=10.914 17.527 12.7197 113.015 25.6768 18.3161 133.389 61.7481 87.766 138.532 103.671 63.6776 62.7814 49.8319 55.7881 47.2743 69.3657 48.7881 116.149 48.3628 46.1383 70.2117 47.836 47.4988 70.9043 47.4438 67.4962 87.5531 109.925 95.7823
threshold=2500.5000000000005 1939.5000000000002 640662765.96494901 2493.0000000000005 2468.4148816346556 2594.0000000000005 467.50000000000006 2238.5000000000005 222.50000000000003 480.50000000000006 55.500000000000007 270101501.20562363 8.2437190007823862 2724.5000000000005 2850.5000000000005 312.00000000000006 2163.0000000000005 167618415.17669168 45.500000000000007 1105.4880878228685 106.33335000000001 3036.5000000000005 11000405.441754153 90734131.924937025 299.50000000000006 787.00000000000011 67991027.831940725 9.3513437426847528 1056.8505205878257 4.6003621304174738
decision_type=2 2 2 2 2 2 2 2 2 2 2 2 2 2 2 2 2 2 2 2 2 2 2 2 2 2 2 2 2 2
left_child=1 2 4 -4 5 7 -7 11 9 -9 -10 15 -11 -8 -15 16 17 19 -19 -1 -16 -22 -23 24 25 -24 27 29 -29 -27
right_child=-2 -3 3 -5 -6 6 13 8 10 12 -12 -13 -14 14 20 -17 -18 18 -20 -21 21 22 23 -25 -26 26 -28 28 -30 -31
leaf_value=0.0018630966075605599 0.071841839949289957 -0.085616516694426548 0.16175406956346705 -0.11662752622365952 -0.097818516386258936 0.21463642371818425 0.11319524569389149 -0.33288761128981914 -0.11791857779026033 -0.12849150590780306 0.17099540851734304 -0.12160001384715241 0.072568379908800135 -0.11899918025502793 -0.12110178015298315 -0.10638206280194795 0.14235124078889688 0.25562944618674616 -0.066402901921953472 -0.13286559532086056 0.12761827089513342 0.11055451742240362 -0.1279475606489377 0.053123111428604243 0.11106741189956666 0.084319641779769555 -0.19252948392005195 0.17557711050083691 -0.060044315296949619 -0.17123092350295999
leaf_weight=2018 21 24 35 25 27 32 39 24 23 41 27 42 25 39 27 39 36 24 21 27 48 35 61 84 30 22 21 44 36 44
leaf_count=2018 21 24 35 25 27 32 39 24 23 41 27 42 25 39 27 39 36 24 21 27 48 35 61 84 30 22 21 44 36 44
internal_value=-2.63881e-10 -0.000499563 0.000182282 0.0457617 -0.000749178 0.000151775 0.0163674 -0.00373112 -0.0681321 -0.127147 0.038095 0.000354122 -0.0523325 0.00439641 -0.00424546 0.00271998 0.00472138 0.00235072 0.105348 8.42826e-05 0.00565586 0.0137087 -0.000794375 -0.0121897 -0.0334544 -0.0524704 -0.0249009 -0.000789938 0.0695475 -0.0860474
internal_weight=3041 3020 2996 60 2936 2909 562 2347 140 90 50 2207 66 530 491 2165 2126 2090 45 2045 452 425 377 342 258 228 167 146 80 66
internal_count=3041 3020 2996 60 2936 2909 562 2347 140 90 50 2207 66 530 491 2165 2126 2090 45 2045 452 425 377 342 258 228 167 146 80 66
is_linear=0
shrinkage=0.1


Tree=76
num_leaves=31
num_cat=0
split_feature=4 4 4 4 1 4 2 2 1 4 6 1 2 6 6 2 2 6 2 1 0 4 3 5 5 4 5 2 0 2
split_gain=10.9853 37.0715 71.8669 60.5101 77.7328 46.321 65.3134 102.232 101.136 50.3348 60.5907 46.3115 68.2239 43.1795 35.6487 43.0373 123.113 111.105 108.149 97.0199 65.2171 44.7084 37.6684 37.4794 117.275 175.242 68.1353 80.9649 68.04 130.754
threshold=283.22808409181567 372.83794493573151 381.43673493574119 348.13584637268855 174.79500000000004 340.67945787855882 486.50000000000006 384.50000000000006 191.20300000000003 289.19707696507334 19.253658481678752 176.50000000000003 164.50000000000003 5.2777861698095707 0.86696789124541862 222.50000000000003 201.50000000000003 5.0343505296487594 181.50000000000003 181.12500000000003 1131.0000000000002 537.33987723157577 15.500000000000002 107132296.549089 71789081.268084109 557.79992774652828 57657305.374376401 529.50000000000011 2275.5000000000005 380.50000000000006
decision_type=2 2 2 2 2 2 2 2 2 2 2 2 2 2 2 2 2 2 2 2 2 2 2 2 2 2 2 2 2 2
left_child=-1 3 -3 5 -5 6 7 9 -8 -2 11 12 -11 -6 -4 16 17 -16 19 21 -17 -19 -21 24 26 -26 -22 -28 29 -25
right_child=1 2 14 4 13 -7 8 -9 -10 10 -12 -13 -14 -15 15 20 -18 18 -20 22 23 -23 -24 28 25 -27 27 -29 -30 -31
leaf_value=-0.0069414506198065343 0.1594320021532476 -0.13481398003175857 -0.12795405724928494 -0.036522707365453246 0.2888845671500479 -0.10583075601607561 0.017529105462811209 -0.17716833222657444 0.30251188099384313 0.0087560579421058788 -0.079730443514206203 -0.0089302423029718261 0.22410094839121616 0.10650725865407902 0.23766256153583526 -0.1547596810385585 0.2646203874144703 0.039390945401523381 -0.19411274211274254 0.029875132193168005 0.0060226666787164792 0.21720435596429388 -0.13585528770927341 0.010614654142409564 0.31950494914219302 0.021690657218137094 -0.25127997437249061 -0.022306811710462927 0.00059391307525786781 -0.26720074699260293
leaf_weight=1303 25 40 21 25 21 30 33 28 20 31 55 71 28 34 20 28 23 31 27 24 687 26 32 36 29 62 23 47 149 32
leaf_count=1303 25 40 21 25 21 30 33 28 20 31 55 71 28 34 20 28 23 31 27 24 687 26 32 36 29 62 23 47 149 32
internal_value=1.18971e-10 0.00520409 -0.00279428 0.031872 0.109684 0.0124795 0.0246764 0.00231987 0.12507 0.0262516 0.00825429 0.0454786 0.110954 0.176142 0.00127726 0.00340411 0.0482871 0.0171892 -0.014307 0.0286555 -0.00411061 0.120499 -0.064828 -0.000149884 0.00933983 0.116599 -0.00355388 -0.0975409 -0.0372341 -0.120122
internal_weight=3041 1738 1337 401 80 321 291 238 53 210 185 130 59 55 1297 1276 183 160 140 113 1093 57 56 1065 848 91 757 70 217 68
internal_count=3041 1738 1337 401 80 321 291 238 53 210 185 130 59 55 1297 1276 183 160 140 113 1093 57 56 1065 848 91 757 70 217 68
is_linear=0
shrinkage=0.1


Tree=77
num_leaves=31
num_cat=0
split_feature=3 2 0 0 5 0 5 5 2 0 1 0 5 2 2 5 5 4 2 0 0 2 0 0 0 4 2 2 2 3
split_gain=10.427 44.7447 27.4949 42.1624 27.5232 14.6762 54.4234 57.7996 24.4244 18.2165 31.0839 24.1362 85.485 46.8118 45.0532 93.0791 180.096 81.6852 24.7443 104.597 134.991 59.4585 52.2283 27.362 29.8686 105.111 54.022 45.3739 69.1586 62.9294
threshold=2.5000000000000004 164.50000000000003 1.0000000180025095e-35 171.00000000000003 2805684.2874871022 5920.5000000000009 42634790.526052438 110417591.38321988 1478.0000000000002 4908.5000000000009 209.50000000000003 4211.5000000000009 26531275.841434155 1254.0000000000002 890.50000000000011 43974204.937415004 17016285.363819066 472.88893596455273 802.50000000000011 3567.0000000000005 2493.0000000000005 772.50000000000011 3567.0000000000005 3318.5000000000005 3036.5000000000005 707.31842485634343 731.50000000000011 699.00000000000011 653.50000000000011 63.500000000000007
decision_type=2 2 2 2 2 2 2 2 2 2 2 2 2 2 2 2 2 2 2 2 2 2 2 2 2 2 2 2 2 2
left_child=1 2 -1 -4 -5 8 -7 -8 9 11 -11 13 -13 14 18 16 -16 -17 21 20 -20 22 23 24 26 -26 27 28 -2 -30
right_child=5 -3 3 4 -6 6 7 -9 -10 10 -12 12 -14 -15 15 17 -18 -19 19 -21 -22 -23 -24 -25 25 -27 -28 -29 29 -31
leaf_value=0.096124285556699926 -0.00039910605130674009 -0.1572288642552766 -0.1387316213399172 0.047185348261330952 -0.066182905322674554 -0.13845126798705143 0.091271276695606043 -0.11782252550125123 0.082325911121197831 0.15802325181663038 0.0017444648167916706 -0.23188821226358414 0.015753102108188297 -0.1433185856450688 -0.009917928446538566 0.12608845472335814 0.29892163144690648 -0.12474956760132634 0.073351188139481979 0.13706663009666262 -0.23944824760830083 0.14681180688951698 -0.12665901532163845 0.10022866321461542 -0.24698782205581665 0.07722096366807818 0.15152245123560232 -0.12358211759349397 0.22214712765481739 -0.00040120140959819158
leaf_weight=23 2158 22 25 61 33 34 39 20 38 20 35 20 46 22 41 20 35 37 22 21 37 28 32 28 20 20 24 29 27 24
leaf_count=23 2158 22 25 61 33 34 39 20 38 20 35 20 46 22 41 20 35 37 22 21 37 28 32 28 20 20 24 29 27 24
internal_value=2.27395e-11 -0.0245256 -0.00396593 -0.0233111 0.00738585 0.00139805 -0.0376797 0.020392 0.00270345 0.00160161 0.0585731 0.0004372 -0.0592897 0.00193891 0.00316659 0.0598621 0.132311 -0.0367362 0.000113756 -0.0545932 -0.122811 0.00194495 0.000227649 0.0019703 0.000775149 -0.0848834 0.00228989 0.00068954 0.00232099 0.117419
internal_weight=3041 164 142 119 94 2877 93 59 2784 2746 55 2691 66 2625 2603 133 76 57 2470 80 59 2390 2362 2330 2302 40 2262 2238 2209 51
internal_count=3041 164 142 119 94 2877 93 59 2784 2746 55 2691 66 2625 2603 133 76 57 2470 80 59 2390 2362 2330 2302 40 2262 2238 2209 51
is_linear=0
shrinkage=0.1


Tree=78
num_leaves=31
num_cat=0
split_feature=5 6 6 5 3 5 3 4 6 6 5 1 6 3 4 4 0 4 1 2 4 5 6 6 1 1 5 2 6 0
split_gain=8.97615 54.8027 35.1993 33.0177 26.6288 17.8795 131.084 136.578 19.7552 57.8539 46.3638 42.9981 23.7422 19.102 20.7879 119.508 73.7082 66.5313 50.3576 60.2041 29.563 25.01 63.3521 85.5236 47.2286 70.0514 105.151 60.7655 51.8811 111.214
threshold=368321334.59963793 25.289913246886652 8.5897244609334376 243729542.75715378 109.50000000000001 167618415.17669168 48.500000000000007 606.3909764689605 51.097989417312533 47.288344595787386 41060458.807838276 173.50000000000003 81.352356282818135 496.50000000000006 1086.18076679419 1144.4664641654028 2323.0000000000005 982.15816767150466 169.50000000000003 737.50000000000011 943.82908597191397 64933159.7874934 2.8727663787165389 4.4256863888890772 169.50000000000003 155.00500000000002 82194611.370057955 349.50000000000006 9.3513437426847528 2186.0000000000005
decision_type=2 2 2 2 2 2 2 2 2 2 2 2 2 2 2 2 2 2 2 2 2 2 2 2 2 2 2 2 2 2
left_child=3 2 -2 5 -5 8 -7 -8 9 13 12 -12 -10 14 17 -16 -17 20 -18 -20 21 -1 -23 -24 25 26 -25 -28 29 -26
right_child=1 -3 -4 4 -6 6 7 -9 10 -11 11 -13 -14 -15 15 16 18 -19 19 -21 -22 22 23 24 28 -27 27 -29 -30 -31
leaf_value=-0.0035351609048734113 0.0008909023121783608 -0.10957599468529225 0.13612555861473083 -0.022451725167532764 -0.16649922331174216 0.21797391008585693 0.11897101657731193 -0.24168652749753428 -0.04495077115741182 0.15257919818162918 -0.19656104494684512 -0.014153980774184069 0.055563270023211521 0.074210961163043973 -0.24682543117391026 -0.13699027448892595 -0.094366869738755327 0.1343146761627616 0.17544985050335526 0.010947793150601322 -0.10486031819686846 0.17658752148541124 -0.15232868261768351 0.22357662788459232 0.022885091151251938 -0.15273784239377297 -0.11946098626487785 0.081164589409644786 0.017463988641897837 0.30250379163026814
leaf_weight=2064 38 22 39 33 21 28 21 21 47 25 28 24 47 34 23 33 26 37 32 73 27 26 28 21 33 28 36 26 75 25
leaf_count=2064 38 22 39 33 21 28 21 21 47 25 28 24 47 34 23 33 26 37 32 73 27 26 28 21 33 28 36 26 75 25
internal_value=-2.4198e-10 0.029617 0.0693864 -0.000996628 -0.0784702 0.000451977 0.0503749 -0.0613578 -0.000788124 0.00116904 -0.036607 -0.112373 0.00530625 -0.000260973 -0.00122999 -0.0333562 -0.0034185 0.00124635 0.0302294 0.0610818 -0.000814564 0.000374782 0.0274557 0.0132005 0.0321956 -0.0159628 0.0301782 -0.0353277 0.072388 0.14341
internal_weight=3041 99 77 2942 54 2888 70 42 2818 2672 146 52 94 2647 2613 187 164 2426 131 105 2389 2362 298 272 244 111 83 62 133 58
internal_count=3041 99 77 2942 54 2888 70 42 2818 2672 146 52 94 2647 2613 187 164 2426 131 105 2389 2362 298 272 244 111 83 62 133 58
is_linear=0
shrinkage=0.1


Tree=79
num_leaves=31
num_cat=0
split_feature=2 3 4 5 5 4 4 6 0 4 4 3 3 5 1 6 3 4 6 4 2 1 0 0 5 5 4 4 0 2
split_gain=9.5303 19.5384 14.1235 26.5458 20.7343 15.3406 12.6928 28.3366 19.4423 14.6406 74.6349 78.5828 63.7782 47.1935 26.9291 16.8816 20.1745 22.5235 128.565 76.255 61.1334 100.418 137.503 58.9376 127.221 93.8616 65.5469 124.774 120.944 131.844
threshold=2500.5000000000005 617.00000000000011 3187.8125545118064 1345941013.0697498 640662765.96494901 2006.0470869618991 1620.6673986900321 15.177511337582558 6642.5000000000009 1086.18076679419 1144.4664641654028 159.00000000000003 67.500000000000014 36863134.525889732 224.50000000000003 180.99186426589245 406.50000000000006 451.20753746003805 1.803958965070666 417.22234789351074 164.50000000000003 229.50000000000003 877.50000000000011 1522.5000000000002 53206228.208557166 32249217.224063095 620.53407172579307 600.91428328468203 2985.5000000000005 996.50000000000011
decision_type=2 2 2 2 2 2 2 2 2 2 2 2 2 2 2 2 2 2 2 2 2 2 2 2 2 2 2 2 2 2
left_child=1 2 3 4 5 6 8 -8 9 15 -11 12 13 -12 -14 16 17 19 -19 -1 21 22 -20 24 25 -22 27 28 -25 -30
right_child=-2 -3 -4 -5 -6 -7 7 -9 -10 10 11 -13 14 -15 -16 -17 -18 18 20 -21 23 -23 -24 26 -26 -27 -28 -29 29 -31
leaf_value=-1.7952561006771427e-05 0.067133456042834702 -0.094362424991347574 0.075070561766624466 -0.10984655953097074 0.080466179503127941 -0.074131984689405989 0.14200516633689406 -0.015040401065791097 0.090961289794548705 -0.17882226710872992 -0.058314675316214565 0.16830681232006656 -0.19892251588728116 0.15892586477100851 -0.040262851938605314 -0.091276271604001535 -0.094424122817475697 -0.21142475562325369 0.028773002885282041 -0.10291449271639189 -0.037965074533389681 -0.044558647399147354 0.39958683728240429 0.096100994316129063 -0.20873283856681418 0.20691682286560537 -0.00058573248127523141 0.30217347670169104 -0.19868557887417931 0.095424913256256683
leaf_weight=1814 21 22 25 22 32 28 20 27 23 28 20 23 23 20 20 20 22 24 20 75 72 24 20 146 35 20 312 21 35 27
leaf_count=1814 21 22 25 22 32 28 20 27 23 28 20 23 23 20 20 20 22 24 20 75 72 24 20 146 35 20 312 21 35 27
internal_value=8.85633e-11 -0.000466822 0.000222205 -0.000407196 0.000408686 -0.000468957 0.000244486 0.0517875 -0.000607315 -0.00135389 -0.0336136 0.00474345 -0.0405813 0.0503056 -0.125127 0.000254896 0.000941294 0.0017345 0.0163213 -0.00410331 0.0237884 0.117153 0.21418 0.0148433 -0.046463 0.0152701 0.029235 0.069864 0.0464097 -0.0706052
internal_weight=3041 3020 2998 2973 2951 2919 2891 47 2844 2821 134 106 83 40 43 2687 2667 2645 756 1889 732 64 40 668 127 92 541 229 208 62
internal_count=3041 3020 2998 2973 2951 2919 2891 47 2844 2821 134 106 83 40 43 2687 2667 2645 756 1889 732 64 40 668 127 92 541 229 208 62
is_linear=0
shrinkage=0.1


Tree=80
num_leaves=31
num_cat=0
split_feature=5 0 3 2 1 2 2 2 2 1 2 2 1 2 2 3 3 1 1 1 2 5 0 5 4 3 1 0 1 5
split_gain=8.91131 45.6777 32.5868 42.0498 25.4634 39.6585 60.8302 39.1459 40.2725 44.0201 48.287 46.7652 33.1562 30.3912 30.1584 35.5489 27.6098 41.9717 39.3294 25.0007 23.8659 40.949 108.422 30.6284 29.5205 103.998 43.8238 47.0255 34.9138 32.0469
threshold=1.0000000180025095e-35 299.50000000000006 140.50000000000003 621.50000000000011 289.00000000000006 524.50000000000011 458.50000000000006 359.50000000000006 280.50000000000006 169.50000000000003 192.50000000000003 106.50000000000001 186.33335000000002 89.500000000000014 657.00000000000011 84.500000000000014 9.5000000000000018 121.50000000000001 124.50000000000001 133.12500000000003 43.500000000000007 22558040.807039905 726.00000000000011 46823471.086586468 174.80698408914847 63.500000000000007 128.00500000000002 941.00000000000011 87.250000000000014 15457154.045217203
decision_type=2 2 2 2 2 2 2 2 2 2 2 2 2 2 2 2 2 2 2 2 2 2 2 2 2 2 2 2 2 2
left_child=2 19 4 -4 5 6 7 8 9 10 11 16 -10 -11 -7 -16 18 -18 -1 -2 21 22 -3 -23 25 26 28 -28 -22 -26
right_child=1 20 3 -5 -6 14 -8 -9 12 13 -12 -13 -14 -15 15 -17 17 -19 -20 -21 24 23 -24 -25 29 -27 27 -29 -30 -31
leaf_value=-0.058608136529272249 -0.024937743312397669 0.026301616362804828 0.013760135488937031 0.18371766060590744 0.095107923341648914 -0.14020291842294461 0.16486299242824318 -0.092740696128457797 0.18393624496200811 0.12470732741057873 -0.1797187764942646 0.10445876408506323 0.0078856970742344854 0.0026081193397019774 -0.095493031919002547 0.080993922551472988 0.021804583510383963 -0.16076178822447273 0.11910715721547604 -0.13705850416744078 0.037915164570916787 -0.089103046775256337 0.27463272171361103 0.04154320087502985 -0.021710226723371306 -0.25239245962528956 -0.034659559074146994 0.14873219870582774 -0.11525087125356431 0.0070533258329414294
leaf_weight=33 43 108 37 24 28 33 24 40 23 36 20 27 20 47 25 21 20 34 20 37 22 38 21 34 512 21 29 27 46 1591
leaf_count=33 43 108 37 24 28 33 24 40 23 36 20 27 20 47 25 21 20 34 20 37 22 38 21 34 512 21 29 27 46 1591
internal_value=3.49399e-10 -0.0024357 0.012031 0.0806287 0.00275283 -0.00336051 0.0113129 -0.000203307 0.0130163 -0.00313788 -0.0347774 -0.0131444 0.102052 0.0555668 -0.0672551 -0.0149229 -0.0428199 -0.0931446 0.00845424 -0.0767936 -6.69084e-06 0.033007 0.0667276 -0.027409 -0.00295854 -0.0466 -0.0117481 0.0537615 -0.0656972 5.05018e-05
internal_weight=3041 2529 512 61 451 423 344 320 280 237 154 134 43 83 79 46 107 54 53 80 2449 201 129 72 2248 145 124 56 68 2103
internal_count=3041 2529 512 61 451 423 344 320 280 237 154 134 43 83 79 46 107 54 53 80 2449 201 129 72 2248 145 124 56 68 2103
is_linear=0
shrinkage=0.1


Tree=81
num_leaves=31
num_cat=0
split_feature=0 5 5 3 2 3 3 3 3 2 0 3 1 0 5 2 0 6 4 3 3 2 4 4 3 0 0 0 6 4
split_gain=9.2066 36.8193 42.6283 21.3598 19.2981 39.3695 23.8982 49.6801 20.8839 26.1397 15.4233 34.1725 54.5445 26.6788 62.9423 36.5378 39.4781 65.081 107.275 27.1913 46.9294 77.1079 39.1363 43.8338 30.177 24.7493 84.6581 74.689 95.0324 63.378
threshold=5920.5000000000009 42634790.526052438 110417591.38321988 502.50000000000006 9.5000000000000018 14.500000000000002 1.0000000180025095e-35 2.5000000000000004 2.5000000000000004 167.50000000000003 4836.5000000000009 78.500000000000014 191.20300000000003 4333.5000000000009 39045226.189021938 1254.0000000000002 3862.5000000000005 9.3513437426847528 842.43594835441206 257.00000000000006 187.50000000000003 544.50000000000011 528.11782316764982 279.85372174054481 167.00000000000003 2208.0000000000005 2163.0000000000005 2345.5000000000005 9.4587309038367007 591.46629055474079
decision_type=2 2 2 2 2 2 2 2 2 2 2 2 2 2 2 2 2 2 2 2 2 2 2 2 2 2 2 2 2 2
left_child=3 -2 -3 4 5 6 -1 -8 9 -6 13 -12 -13 15 -15 16 19 -18 -19 20 24 -22 23 -21 25 26 -10 28 -27 -29
right_child=1 2 -4 -5 8 -7 7 -9 10 -11 11 12 -14 14 -16 -17 17 18 -20 22 21 -23 -24 -25 -26 27 -28 29 -30 -31
leaf_value=-0.098809527754783633 -0.11206618384058986 0.078265919918433222 -0.10130166381597519 0.099148575148799212 -0.017874019247354919 -0.15918062112548137 0.14598543913591475 -0.030933349860402255 0.0061166393217830179 -0.14343146424740555 0.13865454913013511 0.12600234604400137 -0.068164531886577603 -0.20456893108785154 0.043309357052757624 -0.10789863045873314 -0.040403696011613921 0.32528954923152925 0.0016833260300613585 -0.095735304861922166 0.00348487844609696 0.21396317597744718 -0.14741402628092931 0.10624897723041832 -0.083879688326269394 -0.022136122214071682 0.18450109638549664 -0.046339634026003163 -0.29425972568846887 0.037166199052571944
leaf_weight=25 35 39 20 22 97 22 21 65 1816 20 27 23 39 20 21 29 27 20 21 22 46 28 29 21 40 33 27 171 21 194
leaf_count=25 35 39 20 22 97 22 21 65 1816 20 27 23 39 20 21 29 27 20 21 22 46 28 29 21 40 33 27 171 21 194
internal_value=1.1681e-10 -0.0308083 0.0173956 0.000982687 0.000244345 -0.0369713 -0.0127497 0.0122677 0.00201715 -0.0393368 0.00382591 0.0447563 0.00386512 0.00241724 -0.0776069 0.00370644 0.00499282 0.0801506 0.15954 0.0029051 0.00473975 0.0831253 -0.0576383 0.00290818 0.00221997 0.00374251 0.00872998 -0.0181952 -0.127962 -0.00195571
internal_weight=3041 94 59 2947 2925 133 111 86 2792 117 2675 89 62 2586 41 2545 2516 68 41 2448 2376 74 72 43 2302 2262 1843 419 54 365
internal_count=3041 94 59 2947 2925 133 111 86 2792 117 2675 89 62 2586 41 2545 2516 68 41 2448 2376 74 72 43 2302 2262 1843 419 54 365
is_linear=0
shrinkage=0.1


Tree=82
num_leaves=31
num_cat=0
split_feature=1 1 1 6 2 3 3 1 5 4 2 5 5 3 4 5 6 2 5 1 1 3 5 4 2 2 4 5 4 3
split_gain=8.236 54.2344 43.9299 47.4116 38.3616 115.422 66.6338 42.0261 37.6368 39.6625 30.473 29.946 37.1535 39.9851 23.8545 21.9555 21.6202 16.8058 41.6293 17.8574 24.9107 16.5855 16.136 78.8003 72.8228 95.6196 63.2012 47.09 41.9375 108.743
threshold=119.50000000000001 110.50000000000001 127.43000000000002 4.5056732329055391 363.50000000000006 135.50000000000003 152.50000000000003 87.750000000000014 82194611.370057955 285.62187487747656 86.500000000000014 1345941013.0697498 368321334.59963793 72.500000000000014 2468.4148816346556 28470280.440825138 5.2777861698095707 218.50000000000003 49774000.408636294 97.750000000000014 87.750000000000014 8.5000000000000018 65727538.852661394 624.56446228271204 772.50000000000011 467.50000000000006 1006.8076858530889 92455093.362031862 476.98724252326605 40.500000000000007
decision_type=2 2 2 2 2 2 2 2 2 2 2 2 2 2 2 2 2 2 2 2 2 2 2 2 2 2 2 2 2 2
left_child=1 4 3 10 6 7 8 -6 9 17 -2 12 14 -14 22 -5 -9 18 19 20 -1 -21 -4 28 25 27 -26 -25 29 -24
right_child=2 -3 11 15 5 -7 -8 16 -10 -11 -12 -13 13 -15 -16 -17 -18 -19 -20 21 -22 -23 23 24 26 -27 -28 -29 -30 -31
leaf_value=-0.046137523740929158 -0.061813225293601004 0.12546141275610678 -0.0027294247250284408 -0.041093656271696088 -0.096820838394619177 -0.23279837415768553 0.18295992742414061 0.0062741500990731378 -0.087961581716867729 0.13219688558684928 0.098802069397199724 -0.11552467241205953 0.015980709996074437 0.19622463442385196 -0.10147173780462015 -0.17053663920807213 0.15155126690864562 0.08985781416296959 0.12658122107386591 -0.02651835624818449 0.06526496781255392 -0.14666614525020125 0.12726602777838708 0.1156116582453251 0.14035977112019765 -0.21189764480655776 -0.044040610868392921 -0.079991474971757279 0.11894564284263431 -0.04095454448635908
leaf_weight=49 27 39 2054 20 21 26 23 21 37 28 21 22 32 20 23 38 20 20 20 27 34 20 65 20 34 39 41 32 74 94
leaf_count=49 27 39 2054 20 21 26 23 21 37 28 21 22 32 20 23 38 20 20 20 27 34 20 65 20 34 39 41 32 74 94
internal_value=-1.03556e-10 0.0136689 -0.00198137 -0.0650602 0.00106801 -0.0559456 0.0205145 0.0182185 0.0046156 0.0219154 0.00845597 0.000640726 0.00165166 0.0853053 -0.000105202 -0.125901 0.077141 0.00375137 -0.00772949 -0.0283927 -0.000502768 -0.0776451 0.000845238 0.0192471 -0.0334032 -0.093533 0.0395542 -0.0047595 0.0567577 0.0278149
internal_weight=3041 385 2656 106 346 88 258 62 235 198 48 2550 2528 52 2476 58 41 170 150 130 83 47 2453 399 166 91 75 52 233 159
internal_count=3041 385 2656 106 346 88 258 62 235 198 48 2550 2528 52 2476 58 41 170 150 130 83 47 2453 399 166 91 75 52 233 159
is_linear=0
shrinkage=0.1


Tree=83
num_leaves=31
num_cat=0
split_feature=5 1 1 3 3 2 2 3 3 1 3 2 2 2 1 0 3 3 3 4 3 4 5 2 3 5 5 3 4 3
split_gain=8.43452 35.9331 92.0957 37.9039 92.9276 63.9492 77.9109 93.6702 84.5938 41.5037 44.2015 43.7573 59.6434 35.5912 34.5374 34.2477 30.3029 30.4928 26.6714 25.4773 97.3053 23.6823 47.8132 18.9221 59.8982 44.6289 23.4945 22.962 130.647 57.1616
threshold=1.0000000180025095e-35 309.04600000000005 268.50000000000006 52.500000000000007 60.500000000000007 218.50000000000003 515.50000000000011 133.50000000000003 123.50000000000001 219.00000000000003 39.500000000000007 353.50000000000006 237.50000000000003 690.50000000000011 131.50500000000002 171.00000000000003 9.5000000000000018 17.500000000000004 4.5000000000000009 174.80698408914847 63.500000000000007 188.97574362537509 27893473.521661047 43.500000000000007 8.5000000000000018 24594004.184795823 19113677.062919736 468.50000000000006 818.87038247563771 341.50000000000006
decision_type=2 2 2 2 2 2 2 2 2 2 2 2 2 2 2 2 2 2 2 2 2 2 2 2 2 2 2 2 2 2
left_child=1 2 3 9 -5 -6 8 13 -7 10 11 12 14 -8 -1 -2 18 -18 -16 20 -17 22 -21 24 26 -26 -23 29 -29 -25
right_child=15 -3 -4 4 5 6 7 -9 -10 -11 -12 -13 -14 -15 16 19 17 -19 -20 21 -22 23 -24 27 25 -27 -28 28 -30 -31
leaf_value=-0.037599975686814446 -0.097872020626390305 -0.11969061598181725 0.22722687661647797 0.22683726909259955 0.15985422730445864 -0.0082396025291165791 0.051481713961671907 0.20036181722368515 -0.2595282026877006 -0.12211621319875121 -0.11740992829717439 -0.092534561692313722 0.1911615251075654 -0.11588494864602883 0.038899339185584164 -0.010633602013004964 -0.080260135978460323 0.072121233004948201 0.20025735870003702 -0.0024758187898745142 -0.22817071640621062 0.0050559867373002436 0.19036617353558541 -0.0024617912454805908 0.16817966085381625 0.014438884531014731 -0.12120843797922135 -0.26218271240592006 0.083880590847305342 0.13660901204993328
leaf_weight=76 37 20 20 24 26 37 27 28 21 32 29 33 21 24 21 194 24 29 20 36 23 56 20 1993 41 35 20 20 24 30
leaf_count=76 37 20 20 24 26 37 27 28 21 32 29 33 21 24 21 194 24 29 20 36 23 56 20 1993 41 35 20 20 24 30
internal_value=2.18788e-10 0.0117047 0.017046 0.00814004 0.0431243 0.0160745 -0.0112121 0.0534038 -0.0992234 -0.0148146 -0.0012428 0.0137967 0.0321681 -0.0272791 0.0125277 -0.00236964 0.0530564 0.00311835 0.117611 -0.000951668 -0.0336905 0.00217112 0.0663963 0.00055029 0.0346032 0.097378 -0.0281715 -0.00195385 -0.0734209 -0.000399446
internal_weight=3041 512 492 472 187 163 137 79 58 285 253 224 191 51 170 2529 94 53 41 2492 217 2275 56 2219 152 76 76 2067 44 2023
internal_count=3041 512 492 472 187 163 137 79 58 285 253 224 191 51 170 2529 94 53 41 2492 217 2275 56 2219 152 76 76 2067 44 2023
is_linear=0
shrinkage=0.1


Tree=84
num_leaves=31
num_cat=0
split_feature=1 1 6 1 0 2 3 3 3 2 3 0 6 3 0 5 4 3 5 4 3 1 1 0 1 5 4 4 4 5
split_gain=8.50089 15.353 76.2791 25.5822 92.1737 23.0633 36.34 47.4957 33.1279 18.1013 13.9649 17.9808 72.8558 28.5934 21.8022 20.3684 41.1395 29.6899 55.7183 53.1804 59.4723 46.84 105.444 89.8977 73.6842 82.0658 59.6564 58.8995 167.25 167.575
threshold=461.00000000000006 309.04600000000005 0.72675738963630521 292.50000000000006 1350.5000000000002 871.50000000000011 51.500000000000007 34.500000000000007 129.50000000000003 355.50000000000006 1.0000000180025095e-35 6194.0000000000009 14.26435180485111 502.50000000000006 5476.5000000000009 640662765.96494901 500.55539932515961 160.50000000000003 140671456.698782 931.00682816441929 178.50000000000003 251.50000000000003 256.19750000000005 3760.5000000000005 245.50000000000003 34749647.940079339 320.63503923129991 728.35655487547285 600.91428328468203 51259889.854496852
decision_type=2 2 2 2 2 2 2 2 2 2 2 2 2 2 2 2 2 2 2 2 2 2 2 2 2 2 2 2 2 2
left_child=1 3 -3 10 -5 6 7 9 -8 -4 -1 13 -13 14 15 17 -17 21 19 20 -19 24 -23 26 27 -26 -24 28 -12 -30
right_child=-2 2 5 4 -6 -7 8 -9 -10 -11 11 12 -14 -15 -16 16 -18 18 -20 -21 -22 22 23 -25 25 -27 -28 -29 29 -31
leaf_value=-0.042564273949124314 0.053883087326740402 -0.2132320509850979 0.010036274351711784 0.23028638457710093 -0.01772274552012219 0.067144844681024551 -0.19431769233196974 0.13042865519722302 -0.012306925621815026 -0.11452470719814301 0.0022257735205360703 -0.18819014355540276 0.036741601686096852 0.11565896556712688 0.076370973799279651 0.16998697895379294 -0.012505156248807908 -0.15993891546831412 -0.19167471648681733 0.10463514017133878 -0.011027112770385629 -0.16043828120455148 -0.078720354213303811 -0.19294652692264036 0.2842493101581931 -0.0022219208627939227 0.070312362981542031 -0.044196447087204563 0.22671626536723447 -0.023740849440748044
leaf_weight=76 29 20 28 22 47 34 20 24 20 20 1729 24 36 22 38 21 30 34 21 29 127 56 37 21 20 20 98 226 68 44
leaf_count=76 29 20 28 22 47 34 20 24 20 20 1729 24 36 22 38 21 30 34 21 29 127 56 37 21 20 20 98 226 68 44
internal_value=4.0977e-11 -0.000518795 -0.0300807 0.00120548 0.0613526 -0.0049915 -0.02689 0.0155668 -0.103312 -0.0418641 -0.000288996 0.000900534 -0.0532311 0.00213033 0.00117668 6.95912e-05 0.0626387 -0.00119168 -0.0371048 -0.0200208 -0.0424743 0.00207596 -0.0427286 -0.000473837 0.00658406 0.141014 0.0294664 0.00398262 0.00989705 0.128322
internal_weight=3041 3012 166 2846 69 146 112 72 40 48 2777 2701 60 2641 2619 2581 51 2530 211 190 161 2319 212 156 2107 40 135 2067 1841 112
internal_count=3041 3012 166 2846 69 146 112 72 40 48 2777 2701 60 2641 2619 2581 51 2530 211 190 161 2319 212 156 2107 40 135 2067 1841 112
is_linear=0
shrinkage=0.1


Tree=85
num_leaves=31
num_cat=0
split_feature=2 3 4 5 5 6 4 1 5 6 6 2 4 0 3 1 1 2 3 2 2 0 2 2 1 3 0 2 3 5
split_gain=8.72045 17.8813 12.4253 19.0185 15.4483 62.0561 15.0478 11.5367 10.5104 69.5437 111.517 102.221 53.1088 99.0908 76.1227 108.775 84.0314 74.8707 56.3777 74.2252 126.533 125.064 92.7834 95.2677 149.441 93.0499 65.5516 54.5492 48.9675 38.9984
threshold=2500.5000000000005 617.00000000000011 3187.8125545118064 1345941013.0697498 417014072.37469321 19.727659687157935 2006.0470869618991 461.00000000000006 59791009.917288832 2.8727663787165389 3.9961178496686425 414.50000000000006 620.53407172579307 3428.5000000000005 58.500000000000007 192.50000000000003 189.90000000000003 952.00000000000011 160.50000000000003 555.50000000000011 437.50000000000006 2927.0000000000005 327.50000000000006 222.50000000000003 179.47150000000002 52.500000000000007 3626.5000000000005 120.50000000000001 164.50000000000003 43974204.937415004
decision_type=2 2 2 2 2 2 2 2 2 2 2 2 2 2 2 2 2 2 2 2 2 2 2 2 2 2 2 2 2 2
left_child=1 2 3 4 6 -6 7 8 29 11 -11 -10 18 14 16 -16 -14 -15 19 20 22 -21 23 24 25 27 -23 -12 -19 -1
right_child=-2 -3 -4 -5 5 -7 -8 -9 9 10 12 -13 13 17 15 -17 -18 28 -20 21 -22 26 -24 -25 -26 -27 -28 -29 -30 -31
leaf_value=0.00074876651344746477 0.064217741184291396 -0.090272199023853653 0.07041699555516244 -0.093010470609773299 0.12858042692564228 -0.090051656304858632 -0.079556349975367396 0.068998696717123192 -0.010353573153798397 -0.22489008452920689 0.0015234272306164107 0.27905894430435224 -0.11818747371435166 0.22420446988195183 -0.054223126683916371 -0.32733233425021174 0.15681850627064706 -0.11921498142182828 -0.08660405243144316 0.31834947544336323 -0.18189065522617764 -0.095446039736270916 0.20181011600476323 -0.12781973383256368 0.28853672373553979 -0.17584534643048591 0.14968438893556596 0.19475963087308976 0.094269932061433803 -0.042660268995981743
leaf_weight=2066 21 22 25 22 37 20 24 24 26 21 48 23 25 20 35 25 20 21 34 25 27 20 33 35 23 22 24 21 22 230
leaf_count=2066 21 22 25 22 37 20 24 24 26 21 48 23 25 20 35 25 20 21 34 25 27 20 33 35 23 22 24 21 22 230
internal_value=5.41785e-11 -0.000446547 0.000212614 -0.000377736 0.00031285 0.0518674 -0.000702564 -4.31599e-05 -0.000625382 0.011791 0.000670479 0.125493 0.0105388 -0.0347912 -0.0942803 -0.168019 0.00403741 0.0643574 0.0349472 0.0498132 0.0201235 0.139743 0.0500927 0.0164908 0.0607967 0.00323603 0.0382615 0.0603344 -0.00999014 -0.0035997
internal_weight=3041 3020 2998 2973 2951 57 2894 2870 2846 550 501 49 480 168 105 60 45 63 312 278 209 69 182 149 114 91 44 69 43 2296
internal_count=3041 3020 2998 2973 2951 57 2894 2870 2846 550 501 49 480 168 105 60 45 63 312 278 209 69 182 149 114 91 44 69 43 2296
is_linear=0
shrinkage=0.1


Tree=86
num_leaves=31
num_cat=0
split_feature=1 1 1 6 2 5 3 3 5 2 2 5 5 3 6 4 2 2 0 6 1 5 4 0 6 4 2 6 1 6
split_gain=8.36778 39.8496 33.3802 38.7423 32.7998 80.5709 98.398 59.9682 131.667 49.9053 24.1054 23.5884 27.5673 32.9349 19.6954 19.4811 18.8572 20.2117 15.6729 16.2972 15.4229 14.4825 61.3614 54.796 51.463 77.9724 67.9085 181.302 118.002 57.725
threshold=119.50000000000001 110.50000000000001 127.43000000000002 4.5056732329055391 353.50000000000006 139030616.43448672 135.50000000000003 36.500000000000007 51873125.306421168 520.50000000000011 86.500000000000014 1345941013.0697498 368321334.59963793 72.500000000000014 8.5897244609334376 2468.4148816346556 204.50000000000003 1.0000000180025095e-35 867.50000000000011 11.228233177927761 94.333330000000004 65727538.852661394 1006.8076858530889 4112.0000000000009 22.235493755432014 476.98724252326605 490.50000000000006 13.47810898927723 174.79500000000004 6.274420822716027
decision_type=2 2 2 2 2 2 2 2 2 2 2 2 2 2 2 2 2 2 2 2 2 2 2 2 2 2 2 2 2 2
left_child=1 4 3 10 7 6 9 16 -9 -6 -2 12 15 -14 -5 21 17 -1 19 -19 -21 -4 24 -24 26 -26 -23 28 -28 -30
right_child=2 -3 11 14 5 -7 -8 8 -10 -11 -12 -13 13 -15 -16 -17 -18 18 -20 20 -22 22 23 -25 25 -27 27 -29 29 -31
leaf_value=-0.089807855263352401 -0.053024385234823938 0.10960470253649431 -0.0028552576324182336 -0.18933033687727793 -0.1404824285954237 0.12323013998213268 -0.27522911271927031 0.24045821122606015 -0.042156869033351543 0.066341095916660764 0.089827458844298422 -0.10281098559498787 0.010326906153932214 0.17391061991453172 -0.068079276382923132 -0.09193190381578778 -0.092146654718596011 0.028858543969257629 0.099621932357549681 0.013691438660025597 -0.11049734017811717 -0.032021194790223882 -0.16662687012745489 0.013611519034649876 0.010797227463788457 0.22360460884643324 0.27238370188184685 -0.17008286261558533 -0.043405530296943412 0.15375445562380333
leaf_weight=20 27 39 2054 21 20 21 22 34 32 28 21 22 32 20 37 23 23 86 20 20 20 140 31 37 36 33 37 25 33 27
leaf_count=20 27 39 2054 21 20 21 22 34 32 28 21 22 32 20 37 23 23 86 20 20 20 140 31 37 36 33 37 25 33 27
internal_value=2.32567e-10 0.0137778 -0.00199716 -0.0569826 0.00297653 -0.0485638 -0.100102 0.0213694 0.103433 -0.0198354 0.0094733 0.000288506 0.00118573 0.0732437 -0.111981 -0.000327602 -0.0072877 0.00446987 0.0173846 0.00433109 -0.048403 0.000531305 0.0179649 -0.068556 0.0357396 0.112575 0.0155044 0.0700419 0.13193 0.0453165
internal_weight=3041 385 2656 106 346 91 70 255 66 48 48 2550 2528 52 58 2476 189 166 146 126 40 2453 399 68 331 69 262 122 97 60
internal_count=3041 385 2656 106 346 91 70 255 66 48 48 2550 2528 52 58 2476 189 166 146 126 40 2453 399 68 331 69 262 122 97 60
is_linear=0
shrinkage=0.1


Tree=87
num_leaves=31
num_cat=0
split_feature=6 6 3 3 5 0 0 5 3 3 0 1 1 2 1 2 0 5 4 4 0 1 6 1 6 0 6 6 0 4
split_gain=8.49825 48.4242 116.857 131.22 87.8587 47.7213 102.145 104.453 104.377 93.8423 84.1185 71.168 126.587 121.512 123.646 85.4009 58.5412 48.4671 48.3635 92.3499 66.3988 56.397 46.4594 79.5865 44.157 66.5203 48.5817 45.3252 40.7804 38.1063
threshold=7.3877903433332479 6.0331352660228719 56.500000000000007 92.500000000000014 49774000.408636294 1845.5000000000002 1926.5000000000002 14815122.249698592 36.500000000000007 149.50000000000003 1770.5000000000002 142.82125000000005 174.79500000000004 529.50000000000011 221.27000000000001 1039.0000000000002 2985.5000000000005 228725698.83263284 509.27211318846417 384.26875431602338 1608.5000000000002 209.50000000000003 2.14830452066002 182.50000000000003 7.6409750486511188 2256.0000000000005 7.7667962829249921 7.9294262149348489 1387.5000000000002 389.13244046489791
decision_type=2 2 2 2 2 2 2 2 2 2 2 2 2 2 2 2 2 2 2 2 2 2 2 2 2 2 2 2 2 2
left_child=1 5 29 -4 -5 10 -7 16 22 11 17 -10 -13 -14 -15 -16 -8 18 19 -1 21 -20 -9 -24 25 -2 -26 -28 -21 -3
right_child=24 2 3 4 -6 6 7 8 9 -11 -12 12 13 14 15 -17 -18 -19 20 28 -22 -23 23 -25 26 -27 27 -29 -30 -31
leaf_value=0.0052435989315176091 -0.005138281612626968 0.039890805386110312 0.28649754816045364 -0.10596188449341318 0.17694612913543273 -0.24881991814999355 -0.22626848732504776 -0.026332731992006305 -0.23495182504966144 0.16636202052235605 0.2020553057843989 0.17052434434493383 -0.30573579758405689 -0.20608718925052219 0.16485101008607494 -0.086410544253885752 -0.010656345784664154 -0.14972177967429162 -0.12069892639724107 0.065881388720411521 -0.22009327285701322 0.079010267892191496 0.036193653735621223 0.27477306591139899 0.1525863171700621 -0.23905771166086198 -0.15383997812867167 -0.0022158472598547163 0.22949268020689489 -0.069024777194035478
leaf_weight=853 31 72 36 23 21 21 34 20 21 20 22 24 20 27 31 24 20 20 26 39 21 31 29 27 20 20 20 1385 25 58
leaf_count=853 31 72 36 23 21 21 34 20 21 20 22 24 20 27 31 24 20 20 26 39 21 31 29 27 20 20 20 1385 25 58
internal_value=-2.58097e-11 0.00513384 0.049816 0.144908 0.0290624 -0.00179107 -0.0356803 -0.0206099 0.00734621 -0.0368665 0.00860121 -0.0645166 -0.0361108 -0.0847308 -0.0308271 0.0552096 -0.146412 0.00440811 0.0075062 0.0139362 -0.0680873 -0.0120852 0.104498 0.151223 -0.0054434 -0.0968714 -0.00217124 -0.0043742 0.129792 -0.0087023
internal_weight=3041 1565 210 80 44 1355 318 297 243 167 1037 147 126 102 82 55 54 1015 995 917 78 57 76 56 1476 51 1425 1405 64 130
internal_count=3041 1565 210 80 44 1355 318 297 243 167 1037 147 126 102 82 55 54 1015 995 917 78 57 76 56 1476 51 1425 1405 64 130
is_linear=0
shrinkage=0.1


Tree=88
num_leaves=31
num_cat=0
split_feature=4 4 1 6 4 2 4 3 6 6 5 4 1 1 1 6 6 5 3 4 5 5 1 4 2 4 1 4 5 4
split_gain=8.51106 56.1402 127.261 89.4285 89.037 109.818 52.9191 69.5923 79.461 59.075 100.171 45.7338 256.955 44.1014 40.4571 37.6107 80.7222 53.3285 104.709 41.4868 35.4176 90.1807 53.3406 76.3279 105.676 79.3354 53.4497 43.5488 42.8872 106.153
threshold=669.0372475803091 620.53407172579307 229.50000000000003 9.5050854403605118 596.30471005728566 434.50000000000006 719.75434214259042 159.00000000000003 12.483680225506342 5.4526622289206346 28470280.440825138 573.8808414299566 205.40000000000003 179.47150000000002 216.50000000000003 8.5897244609334376 7.3877903433332479 73608025.397858813 87.500000000000014 842.43594835441206 67991027.831940725 74850540.831091568 183.50000000000003 297.28905895323959 490.50000000000006 261.89322084010848 129.44100000000003 389.13244046489791 34749647.940079339 314.60632685893768
decision_type=2 2 2 2 2 2 2 2 2 2 2 2 2 2 2 2 2 2 2 2 2 2 2 2 2 2 2 2 2 2
left_child=1 4 3 -3 11 -6 9 15 14 -2 -11 20 -13 -10 -9 16 17 18 19 -8 28 -22 23 25 27 26 -23 -25 -1 -30
right_child=6 2 -4 -5 5 -7 7 8 13 10 -12 12 -14 -15 -16 -17 -18 -19 -20 -21 21 22 -24 24 -26 -27 -28 -29 29 -31
leaf_value=0.001363305666960149 -0.052921301275491717 0.12645767597215515 -0.26683312688882532 -0.13109679726453929 0.0060205376096840561 0.30629181088436219 -0.1288835224574027 0.080520915372297164 0.11013681297855718 0.31676353705780852 0.029984614201660816 -0.36220320731401445 0.14470425263047218 -0.041852435035010183 0.26645761748606506 0.0054640258369701251 -0.20452269737919174 0.070707479012863977 -0.26848960012197493 0.028371496255239173 0.17237749065344152 -0.044663781964260602 -0.060208187328699307 0.10727355265191624 0.241222421912586 -0.1889119378898455 0.12690563634037974 -0.048329901594567945 0.018090108731437637 -0.088066938574006062
leaf_weight=1545 20 28 26 26 29 21 23 25 28 21 29 20 20 60 22 245 30 42 20 62 39 46 78 35 34 23 30 37 184 193
leaf_count=1545 20 28 26 26 29 21 23 25 28 21 29 20 20 60 22 245 30 42 20 62 39 46 78 35 34 23 30 37 184 193
internal_value=1.36169e-10 -0.00269618 -0.085067 0.00244997 0.000127158 0.132134 0.0103805 8.15339e-05 0.0625761 0.0923309 0.150432 -0.00276267 -0.108749 0.00650778 0.167555 -0.0199108 -0.0550342 -0.0245263 -0.0626198 -0.0141799 -0.000873421 0.0298201 0.0101744 0.0369541 0.0959239 -0.0261852 0.023061 0.0273107 -0.00601563 -0.0362555
internal_weight=3041 2414 80 54 2334 50 627 557 135 70 50 2284 40 88 47 422 177 147 105 85 2244 322 283 205 106 99 76 72 1922 377
internal_count=3041 2414 80 54 2334 50 627 557 135 70 50 2284 40 88 47 422 177 147 105 85 2244 322 283 205 106 99 76 72 1922 377
is_linear=0
shrinkage=0.1


Tree=89
num_leaves=31
num_cat=0
split_feature=1 1 1 0 3 3 2 1 1 1 6 1 3 1 3 3 4 1 6 3 5 2 1 6 3 2 3 2 5 3
split_gain=7.28195 30.6966 25.9914 48.053 125.711 46.4054 30.8218 30.4479 26.1857 108.916 59.793 84.6192 55.7574 47.6769 76.599 67.0149 86.8063 62.1471 54.8565 52.0926 50.4211 43.9954 43.4206 47.9808 43.4039 57.8295 39.3452 25.641 62.2193 81.6999
threshold=119.50000000000001 110.50000000000001 138.93750000000003 1984.5000000000002 62.500000000000007 36.500000000000007 65.500000000000014 124.50000000000001 154.50000000000003 150.18175000000002 5.8344392223867114 145.07000000000002 27.500000000000004 165.50000000000003 40.500000000000007 58.500000000000007 710.70415260440029 168.50000000000003 9.7496228409516963 23.500000000000004 32249217.224063095 53.500000000000007 148.25000000000003 23.757157387117257 41.500000000000007 382.50000000000006 381.50000000000006 353.50000000000006 139030616.43448672 135.50000000000003
decision_type=2 2 2 2 2 2 2 2 2 2 2 2 2 2 2 2 2 2 2 2 2 2 2 2 2 2 2 2 2 2
left_child=1 27 3 4 5 6 7 -2 9 10 24 12 -12 14 19 -16 18 -15 -17 21 -21 -10 -13 -24 -4 -26 -19 -1 29 -29
right_child=2 -3 8 -5 -6 -7 -8 -9 13 -11 11 22 -14 17 15 16 -18 26 -20 20 -22 -23 23 -25 25 -27 -28 28 -30 -31
leaf_value=0.019635068402881279 -0.061161833122372625 0.096957587259702202 0.0025210731762594415 -0.13580350940556904 0.16598072861405938 -0.16194034576865621 -0.062188741122878602 0.0776187350583631 0.071511705685406921 0.19007050793718649 0.02927278544008732 -0.13763713890855964 0.22858951811213046 0.14840939408489343 -0.22076593565782818 -0.029052575868673814 0.1186668242581866 -0.0013077972891447297 -0.2057115986244753 -0.0061082905530929566 0.21843816628679635 -0.080703653824531429 0.1102480041794479 -0.0690004360462938 -0.2487944089231037 -0.011196863576769829 0.098965679639950399 -0.014347633963916452 0.1087695415530886 -0.2470644537698139
leaf_weight=255 25 39 56 38 33 29 92 43 28 37 25 22 32 29 33 39 22 1801 32 20 20 59 32 28 21 20 40 48 21 22
leaf_count=255 25 39 56 38 33 29 92 43 28 37 25 22 32 29 33 39 22 1801 32 20 20 59 32 28 21 20 40 48 21 22
internal_value=-9.39515e-11 0.0128528 -0.00186308 -0.0318932 -0.0141068 -0.0455507 -0.024455 0.0265965 0.00139562 0.0305486 0.00553878 0.047587 0.14117 -0.00235321 -0.0430949 -0.0983367 -0.0548941 0.00315891 -0.108674 0.0117119 0.106165 -0.0317148 -0.0174646 0.0265987 -0.0547159 -0.132893 0.000870877 0.00337283 -0.0421972 -0.0874872
internal_weight=3041 385 2656 260 222 189 160 68 2396 273 236 139 57 2123 253 126 93 1870 71 127 40 87 82 60 97 41 1841 346 91 70
internal_count=3041 385 2656 260 222 189 160 68 2396 273 236 139 57 2123 253 126 93 1870 71 127 40 87 82 60 97 41 1841 346 91 70
is_linear=0
shrinkage=0.1


Tree=90
num_leaves=31
num_cat=0
split_feature=5 0 3 3 1 3 2 2 3 3 1 2 1 3 3 3 2 2 1 2 3 4 5 5 4 4 1 5 3 0
split_gain=7.06054 29.0551 23.231 33.0856 34.5694 48.3436 23.2688 68.9835 57.7313 77.2129 45.6318 39.9765 28.2619 58.4271 119.464 38.8443 29.0422 32.5939 20.7248 16.2531 51.0728 62.126 48.8227 60.0713 42.3409 31.2329 75.0186 78.7248 82.687 52.3647
threshold=1.0000000180025095e-35 299.50000000000006 102.50000000000001 123.50000000000001 179.47150000000002 191.50000000000003 359.50000000000006 316.50000000000006 27.500000000000004 60.500000000000007 173.50000000000003 474.50000000000006 169.50000000000003 42.500000000000007 26.500000000000004 43.500000000000007 110.50000000000001 43.500000000000007 149.92100000000002 66.500000000000014 13.500000000000002 387.15915678779737 32014110.621572185 65727538.852661394 246.43147235707559 270.92322204713099 232.50000000000003 11933082.949965119 13.500000000000002 1374.5000000000002
decision_type=2 2 2 2 2 2 2 2 2 2 2 2 2 2 2 2 2 2 2 2 2 2 2 2 2 2 2 2 2 2
left_child=2 18 6 -4 -5 -6 7 12 -8 11 -11 -10 15 14 16 -1 17 -14 -2 20 21 -3 24 -24 -22 26 27 28 -21 -29
right_child=1 19 3 4 5 -7 8 -9 9 10 -12 -13 13 -15 -16 -17 -18 -19 -20 25 22 -23 23 -25 -26 -27 -28 29 -30 -31
leaf_value=-0.00195510085177375 -0.018823364880332288 0.0096007998636656114 0.15907887868259266 0.09450597444342243 -0.14632229954004289 0.068250525565374462 -0.17880124093397806 0.18614088615233249 -0.019257118020738876 0.020085064030211906 -0.16581767320392593 0.1619097684991771 0.031353287398815155 0.18265895294430465 -0.21038774702697993 -0.13198455178311894 -0.019401299054531949 0.21189104933291675 -0.12221475349682752 -0.021321325923534151 0.049344522076320244 -0.17649989277124406 -0.066988452855083688 0.13033140130617002 0.23784082228174577 0.0029697730776339923 -0.19860845478251576 -0.025949378005926383 -0.22783927766493328 0.054097303384987194
leaf_weight=128 47 174 23 36 21 21 23 22 21 23 31 29 20 23 20 28 23 20 33 47 22 20 36 27 26 1688 24 223 33 129
leaf_count=128 47 174 23 36 21 21 23 22 21 23 31 29 20 23 20 28 23 20 33 47 22 20 36 27 26 1688 24 223 33 129
internal_value=-6.60555e-12 -0.00216806 0.010709 0.0536784 0.0225988 -0.0390359 0.000149637 0.016061 -0.0354318 -0.00372507 -0.0866369 0.0858197 0.00177953 0.0416232 0.00254099 -0.0252937 0.0701374 0.121622 -0.0614723 -0.000230804 0.0213683 -0.00958484 0.0754667 0.0175772 0.151447 -0.00330344 -0.0265254 -0.0169652 -0.10651 0.00338591
internal_weight=3041 2529 512 101 78 42 411 284 127 104 54 50 262 106 83 156 63 40 80 2449 305 194 111 63 48 2144 456 432 80 352
internal_count=3041 2529 512 101 78 42 411 284 127 104 54 50 262 106 83 156 63 40 80 2449 305 194 111 63 48 2144 456 432 80 352
is_linear=0
shrinkage=0.1


Tree=91
num_leaves=31
num_cat=0
split_feature=6 6 2 2 3 6 6 5 0 1 2 4 3 4 5 1 4 2 0 5 3 3 2 5 5 5 5 1 1 1
split_gain=6.80411 45.0217 32.5851 124.416 172.935 48.0109 65.2332 45.5429 68.7648 67.318 101.332 109.189 83.1264 51.9308 49.7724 40.9904 62.4907 35.5245 49.0172 78.5594 86.8243 115.104 116.056 191.585 65.9855 106.16 67.3285 34.7022 89.9207 40.0855
threshold=7.3001284330789504 7.0960527392195933 434.50000000000006 405.50000000000006 36.500000000000007 6.5080787650013576 6.8148784973150249 70629499.727266893 1008.5000000000001 252.93750000000003 251.50000000000003 292.95150885935772 34.500000000000007 297.28905895323959 40113554.864893861 189.90000000000003 305.9866864903135 444.50000000000006 1792.5000000000002 15010491.169893431 36.500000000000007 44.500000000000007 645.00000000000011 34749647.940079339 42634790.526052438 31714846.900013324 87694252.309690207 169.50000000000003 160.06500000000003 149.92100000000002
decision_type=2 2 2 2 2 2 2 2 2 2 2 2 2 2 2 2 2 2 2 2 2 2 2 2 2 2 2 2 2 2
left_child=1 2 3 7 -5 17 -7 8 14 10 11 -10 15 -9 27 16 -12 -4 -19 -20 -21 -22 23 -23 25 -24 -26 28 29 -1
right_child=-2 -3 5 4 -6 6 -8 13 9 -11 12 -13 -14 -15 -16 -17 -18 18 19 20 21 22 24 -25 26 -27 -28 -29 -30 -31
leaf_value=-0.023685042550037536 -0.0048387512037578176 0.15369217827916148 -0.14056777356564998 -0.044233195696558272 0.33838956157366434 0.19597826997439069 -0.045359567801157637 -0.18251693730170912 0.080717999373491001 -0.055269167879596348 0.19317567446269096 0.39150806665420534 -0.042875263273017487 -0.0099722513076761429 -0.11218142448924483 0.22736294114071393 -0.046163375955075026 0.020532285230177822 -0.15035825922386722 0.072731835134837733 -0.27642299298729217 0.071151456609368322 -0.042407892413792163 -0.30017495155334473 -0.14997439908662014 0.26257742601633072 0.056782168770829838 0.030833967369815463 -0.22406885929405693 0.067254142548705709
leaf_weight=236 1486 20 25 21 27 24 21 26 26 40 20 20 60 53 40 23 24 198 56 73 21 24 21 33 28 25 36 253 20 61
leaf_count=236 1486 20 25 21 27 24 21 26 26 40 20 20 60 53 40 23 24 198 56 73 21 24 21 33 28 25 36 253 20 61
internal_value=1.4701e-10 0.00462404 0.00268179 0.0141151 0.170992 -0.0158851 0.0833539 0.00576686 0.0127287 0.0616455 0.0886778 0.215844 0.0426175 -0.0667591 -0.00435214 0.119178 0.0626271 -0.024155 -0.0185039 -0.0428862 -0.019827 -0.0557674 -0.0280203 -0.143827 0.0319886 0.123345 -0.0336738 0.00321482 -0.0188282 -0.0050073
internal_weight=3041 1555 1535 950 48 585 45 902 823 213 173 46 127 79 610 67 44 540 515 317 261 188 167 57 110 46 64 570 317 297
internal_count=3041 1555 1535 950 48 585 45 902 823 213 173 46 127 79 610 67 44 540 515 317 261 188 167 57 110 46 64 570 317 297
is_linear=0
shrinkage=0.1


Tree=92
num_leaves=31
num_cat=0
split_feature=1 1 3 2 0 0 2 3 0 1 5 5 4 6 1 5 5 2 2 2 4 5 3 3 6 1 6 6 4 2
split_gain=7.19561 23.7557 22.5879 24.5448 52.6437 66.5627 35.2732 22.9536 45.5876 19.7075 36.7055 40.1606 37.8097 34.0658 22.5017 18.2567 18.8793 24.6747 16.5746 69.1941 55.2434 68.505 37.093 94.6968 46.9248 31.3646 36.0591 30.8478 30.43 15.2058
threshold=119.50000000000001 110.50000000000001 187.50000000000003 746.50000000000011 1552.0000000000002 2005.5000000000002 294.50000000000006 36.500000000000007 774.50000000000011 128.00500000000002 24947485.98805806 72873934.437938645 238.24956075310561 11.15350536865491 125.12500000000001 1345941013.0697498 368321334.59963793 597.50000000000011 931.50000000000011 899.00000000000011 269.51521244040617 143621554.87275162 80.500000000000014 131.50000000000003 9.0614764569745034 165.50000000000003 12.483680225506342 19.727659687157935 796.40679678732829 802.50000000000011
decision_type=2 2 2 2 2 2 2 2 2 2 2 2 2 2 2 2 2 2 2 2 2 2 2 2 2 2 2 2 2 2
left_child=1 2 3 4 6 -6 7 -1 -9 10 12 13 14 -12 -2 16 18 -18 19 29 -20 22 24 28 -22 -25 -27 -28 -24 -11
right_child=9 -3 -4 -5 5 -7 -8 8 -10 15 11 -13 -14 -15 -16 -17 17 -19 20 -21 21 -23 23 25 -26 26 27 -29 -30 -31
leaf_value=-0.0060222479195761094 0.028610928723698154 0.086764016537330096 -0.091312923444354016 0.11855118986219169 -0.2307136502861977 0.0032803080254985443 0.12667118197885052 0.18530295030679556 -0.023300548761405731 0.0029230133838869347 -0.067293769088776212 0.00045994857947031657 0.11444245238477986 -0.24574290081858635 -0.083369617213151961 -0.090298824808136988 0.11728235463942252 -0.0251850402308628 -0.1384583193394873 0.17548836689928304 0.014021163139906196 -0.15974805178837137 -0.19077182816607613 -0.067023608312010763 0.18960538214963418 0.14700137871421046 -0.079483097754418863 0.090328583785373229 -0.046952480155854459 -0.038437449531529541
leaf_weight=181 34 39 23 20 20 31 29 20 22 2010 23 30 24 20 38 22 31 20 36 23 45 26 28 20 23 36 20 23 31 93
leaf_count=181 34 39 23 20 20 31 29 20 22 2010 23 30 24 20 38 22 31 20 36 23 45 26 28 20 23 36 20 23 31 93
internal_value=-1.49175e-10 0.0127764 0.00443678 0.0112549 0.00417261 -0.088482 0.0229241 0.00943238 0.0760345 -0.001852 -0.0348963 -0.0883399 0.00574318 -0.150293 -0.0304899 0.000393465 0.00120289 0.0614128 -6.91513e-05 0.00298062 -0.0225824 -0.00602872 0.0116558 -0.0149219 0.0734099 0.0448432 0.0731639 0.0113464 -0.115206 0.00109395
internal_weight=3041 385 346 323 303 51 252 223 42 2656 169 73 96 43 72 2487 2465 51 2414 2126 288 252 226 158 68 99 79 43 59 2103
internal_count=3041 385 346 323 303 51 252 223 42 2656 169 73 96 43 72 2487 2465 51 2414 2126 288 252 226 158 68 99 79 43 59 2103
is_linear=0
shrinkage=0.1


Tree=93
num_leaves=31
num_cat=0
split_feature=4 4 0 3 6 4 3 6 1 3 3 3 3 0 4 1 2 2 1 1 2 2 2 2 2 3 3 3 0 0
split_gain=6.31301 43.1054 64.0209 111.696 75.7946 52.8205 45.4701 40.4787 40.2406 37.0857 36.3248 39.3332 54.2642 59.0683 66.0621 47.0765 31.4485 45.3582 51.2898 134.194 33.6991 28.7906 47.1455 65.0532 140.733 54.3361 37.2955 61.3123 43.6528 73.4972
threshold=320.63503923129991 372.83794493573151 1825.5000000000002 48.500000000000007 8.4342588150515301 381.43673493574119 14.500000000000002 5.7287549482859808 222.50000000000003 34.500000000000007 341.50000000000006 191.50000000000003 160.50000000000003 3626.5000000000005 309.41537642958605 175.01000000000002 996.50000000000011 621.50000000000011 165.50000000000003 204.50000000000003 563.50000000000011 524.50000000000011 458.50000000000006 417.50000000000006 395.50000000000006 52.500000000000007 49.500000000000007 45.500000000000007 1511.5000000000002 1350.5000000000002
decision_type=2 2 2 2 2 2 2 2 2 2 2 2 2 2 2 2 2 2 2 2 2 2 2 2 2 2 2 2 2 2
left_child=10 2 4 -4 6 -3 -2 -8 9 -6 11 12 13 14 16 -16 17 20 -19 -20 21 22 23 24 26 -24 27 28 29 -1
right_child=1 5 3 -5 8 -7 7 -9 -10 -11 -12 -13 -14 -15 15 -17 -18 18 19 -21 -22 -23 25 -25 -26 -27 -28 -29 -30 -31
leaf_value=-0.0012356398107683391 -0.015927282278425992 -0.11548281259834768 0.28440032054980596 0.013693611877305167 -0.1904664607787574 0.0011893145759509548 0.064583409769881167 0.24705805007368326 0.05250394523821094 -0.02313687727929881 -0.13525308526697613 0.097616580501198771 -0.13632800985848711 0.15636805555094846 -0.02498863915150816 -0.2343108409927005 0.11463939542679683 -0.19458922028541567 0.12886361957624043 -0.17535273061487183 0.11416899321170955 -0.10111689705933845 0.0070723955829938255 -0.14546517026760886 0.23596725916862488 0.22454083606600764 -0.049066785851101968 0.16862410740418868 -0.10823335618608527 0.16351611859032089
leaf_weight=822 32 40 27 35 27 1297 31 20 22 26 21 38 31 23 22 21 23 25 29 29 26 28 27 31 25 20 157 22 36 28
leaf_count=822 32 40 27 35 27 1297 31 20 22 26 21 38 31 23 22 21 23 25 29 29 26 28 27 31 25 20 157 22 36 28
internal_value=-1.51149e-10 0.00444818 0.0454663 0.131582 0.0116741 -0.00230125 0.0775129 0.136142 -0.0611876 -0.10838 -0.004667 -0.00279255 -0.00547013 -0.00256009 -0.00522628 -0.127216 -0.00127632 -0.00331928 -0.0748544 -0.0232446 0.00153949 -0.000908981 0.00149326 -0.00262055 0.001442 0.0996122 -0.00406329 0.00371816 -0.000376575 0.00419148
internal_weight=3041 1557 220 62 158 1337 83 51 75 53 1484 1463 1425 1394 1371 43 1328 1305 83 58 1222 1196 1168 1121 1090 47 1065 908 886 850
internal_count=3041 1557 220 62 158 1337 83 51 75 53 1484 1463 1425 1394 1371 43 1328 1305 83 58 1222 1196 1168 1121 1090 47 1065 908 886 850
is_linear=0
shrinkage=0.1


Tree=94
num_leaves=31
num_cat=0
split_feature=3 0 4 3 3 5 0 4 4 3 3 0 3 2 3 3 3 4 5 5 1 0 4 2 1 1 1 4 0 2
split_gain=6.624 13.4704 17.5245 26.2928 17.0273 16.8479 61.0617 20.0143 17.586 18.2041 13.3724 38.3702 12.0467 39.9418 31.3759 35.0322 36.2729 20.0505 61.2885 48.545 66.7289 50.4833 42.4143 37.5187 26.9341 94.3 61.2639 129.286 53.955 41.9079
threshold=698.00000000000011 5920.5000000000009 674.18231900238322 164.50000000000003 438.00000000000006 640662765.96494901 2493.0000000000005 2468.4148816346556 1620.6673986900321 102.50000000000001 307.00000000000006 1496.0000000000002 225.50000000000003 606.50000000000011 205.50000000000003 187.50000000000003 173.50000000000003 943.82908597191397 9901817.5052570421 22558040.807039905 172.47500000000002 3222.0000000000005 897.58828951389285 498.50000000000006 251.50000000000003 262.00000000000006 240.10000000000002 413.3196821890038 1073.0000000000002 444.50000000000006
decision_type=2 2 2 2 2 2 2 2 2 2 2 2 2 2 2 2 2 2 2 2 2 2 2 2 2 2 2 2 2 2
left_child=1 4 -3 -4 5 7 -7 8 10 -10 12 -12 14 -14 15 16 17 22 -19 -20 -21 23 24 -22 26 28 -1 -28 -26 -30
right_child=-2 2 3 -5 -6 6 -8 -9 9 -11 11 -13 13 -15 -16 -17 -18 18 19 20 21 -23 -24 -25 25 -27 27 -29 29 -31
leaf_value=0.0023325509168632382 0.053462281693582948 -0.12186899840831758 -0.098391048172893736 0.037074112362767524 0.088347434777427805 0.13774265165839877 -0.066881133258342745 -0.096073607304556816 0.10968165711082262 -0.014331649281084539 -0.15867877177894119 0.027152184844017033 -0.025112790833501254 0.14338055190940699 -0.11775175644003827 0.10885835340053872 -0.10277775645256043 0.13160851143300534 -0.15994500236257037 -0.13848936011393864 0.0029635126392046612 -0.065280078496370061 0.12910151309691942 0.17978431719044846 -0.025982317573257859 0.0037965187341659195 -0.019384175025183581 0.31110687434673312 -0.29488273341031301 -0.10325982229039073
leaf_weight=2000 23 20 23 38 22 35 25 22 29 20 20 25 34 24 23 29 35 20 34 36 24 36 26 24 35 264 29 20 21 25
leaf_count=2000 23 20 23 38 22 35 25 22 29 20 20 25 34 24 23 29 35 20 34 36 24 36 26 24 35 264 29 20 21 25
internal_value=-3.04689e-10 -0.000407433 -0.0406365 -0.0140029 0.000702051 4.05766e-05 0.0524827 -0.00106154 -0.000323708 0.059064 -0.00136897 -0.0554394 -0.000480624 0.0446086 -0.00145607 -0.00044975 -0.00165551 -0.000291098 -0.0330788 -0.0544668 -0.0245813 0.0242365 0.00206637 0.0913739 0.000686702 -0.0251627 0.00503909 0.11551 -0.119548 -0.19074
internal_weight=3041 3018 81 61 2937 2915 60 2855 2833 49 2784 45 2739 58 2681 2658 2629 2594 174 154 120 84 2420 48 2394 345 2049 49 81 46
internal_count=3041 3018 81 61 2937 2915 60 2855 2833 49 2784 45 2739 58 2681 2658 2629 2594 174 154 120 84 2420 48 2394 345 2049 49 81 46
is_linear=0
shrinkage=0.1


Tree=95
num_leaves=31
num_cat=0
split_feature=6 5 5 3 3 6 6 3 4 1 2 3 5 5 5 4 0 5 5 6 6 5 0 0 2 5 4 5 5 4
split_gain=6.59413 68.1669 35.2633 65.5054 60.2338 54.801 33.1656 21.3682 78.4543 77.8841 33.1487 17.7899 16.7483 78.8821 24.4938 47.6753 131.44 28.9353 26.8004 84.8102 64.3588 37.1305 48.815 51.7094 37.1086 41.7005 160.082 29.4294 31.5646 26.3434
threshold=35.706822195839671 208437723.00751349 6833823.2120083189 130.50000000000003 72.500000000000014 49.68086861041693 33.721312153376083 51.500000000000007 304.17558524532802 162.50000000000003 184.50000000000003 7.5000000000000009 228725698.83263284 301960153.20685971 150458916.54847887 634.67359514899272 1511.5000000000002 130916960.60206577 103326498.54348023 8.9655846718679868 5.5517132658996813 82194611.370057955 3402.0000000000005 1825.5000000000002 1939.5000000000002 72873934.437938645 407.1901154491635 69833111.551881954 65727538.852661394 913.91646976607763
decision_type=2 2 2 2 2 2 2 2 2 2 2 2 2 2 2 2 2 2 2 2 2 2 2 2 2 2 2 2 2 2
left_child=6 2 11 4 7 -5 12 8 9 -4 -10 -2 14 -14 17 16 -16 18 21 20 -20 24 23 -23 25 27 -27 28 29 -1
right_child=1 -3 3 5 -6 -7 -8 -9 10 -11 -12 -13 13 -15 15 -17 -18 -19 19 -21 -22 22 -24 -25 -26 26 -28 -29 -30 -31
leaf_value=-0.0031032029234640199 0.016639723256230355 0.16564405118977582 -0.056897155960348056 0.17657383596524598 -0.18401761374250916 -0.016427574066385144 -0.11183779625980944 0.062653034448623662 -0.047055276802607945 0.1493367657251656 -0.21597715644882276 0.14531633494929835 -0.16151343188248576 0.011578701484036081 -0.036845395292924799 -0.036495493984060184 0.31367979669943452 -0.073440781346399267 0.082130836801869542 0.1686846532531687 -0.16852121382951737 -0.037479903519153597 0.051284098217175125 -0.25320759762078521 -0.13086086940907299 -0.13073155969381331 0.22991615412756802 -0.10315106913999275 0.09347317947729214 0.035788308047928423
leaf_weight=1976 21 27 47 28 27 31 27 25 21 30 26 22 36 98 23 31 20 53 21 37 20 25 21 20 21 20 32 27 37 191
leaf_count=1976 21 27 47 28 27 31 27 25 21 30 26 22 36 98 23 31 20 53 21 37 20 25 21 20 21 20 32 27 37 191
internal_value=1.71432e-10 0.0139469 -0.000786237 -0.0160211 -0.0465897 0.0751663 -0.00155476 -0.0216866 -0.0386906 0.0234537 -0.140501 0.0824743 -0.00045559 -0.0349237 0.00133809 0.0580377 0.12619 -0.00033955 0.00124312 0.0589187 -0.0401385 -0.000655067 -0.0746088 -0.133359 0.0014634 0.00268057 0.0912055 0.000617242 0.00188845 0.000324706
internal_weight=3041 305 278 235 176 59 2736 149 124 77 47 43 2709 134 2575 74 43 2501 2448 78 41 2370 66 45 2304 2283 52 2231 2204 2167
internal_count=3041 305 278 235 176 59 2736 149 124 77 47 43 2709 134 2575 74 43 2501 2448 78 41 2370 66 45 2304 2283 52 2231 2204 2167
is_linear=0
shrinkage=0.1


Tree=96
num_leaves=31
num_cat=0
split_feature=2 0 5 2 2 0 4 0 4 4 5 0 1 1 1 5 0 4 0 6 6 5 4 5 4 2 1 1 1 0
split_gain=7.4543 122.817 142.092 60.5742 48.7422 35.1186 110.82 54.8508 37.3501 82.9665 78.4563 44.5459 32.6107 42.7653 68.3226 51.4256 91.1905 112.306 87.7405 41.2433 88.1772 35.2778 66.4997 35.1568 34.7149 29.4136 28.8197 86.6295 28.519 28.1498
threshold=355.50000000000006 1926.5000000000002 17382141.408752423 370.50000000000006 377.50000000000006 1715.5000000000002 509.27211318846417 1644.5000000000002 659.34582714207249 763.55033632469815 51873125.306421168 1511.5000000000002 97.750000000000014 123.00500000000001 106.33335000000001 180770203.56898129 2850.5000000000005 500.55539932515961 5065.5000000000009 30.087817416896105 51.097989417312533 103326498.54348023 624.56446228271204 65727538.852661394 865.6829227295492 344.50000000000006 385.00000000000006 339.82000000000005 199.50000000000003 6194.0000000000009
decision_type=2 2 2 2 2 2 2 2 2 2 2 2 2 2 2 2 2 2 2 2 2 2 2 2 2 2 2 2 2 2
left_child=1 5 -3 -2 -5 7 -7 8 11 -10 -11 25 23 14 -14 19 17 -17 -18 21 24 26 -23 -6 -21 -1 27 29 -24 -15
right_child=3 2 -4 4 12 6 -8 -9 9 10 -12 -13 13 15 -16 16 18 -19 -20 20 -22 22 28 -25 -26 -27 -28 -29 -30 -31
leaf_value=-0.0022191106369150947 -0.10919967614183274 -0.058612325489521028 0.27730143254294115 0.1344044498812694 -0.17010034993290901 0.069437526828712889 -0.20981954045593743 0.15566612209962763 0.19434342475668076 0.13158837385475636 -0.13185731012087604 -0.10265873595225541 -0.023343584127724172 -0.0039249269203631056 0.18834895815700292 0.00067693904042243958 0.10438701561274562 -0.3145179483179863 -0.14779490344226362 0.20496942000181387 -0.073806405042608589 0.16797461381012746 -0.093308764882385736 0.009418760351836683 0.052073972634281276 0.11994029730558396 0.085113677352426517 -0.18300283263469566 0.068377330452203761 -0.099453314358834186
leaf_weight=1361 54 20 34 26 24 27 30 23 31 20 26 44 31 856 30 20 37 26 22 33 30 33 24 20 27 20 31 29 20 32
leaf_count=1361 54 20 34 26 24 27 30 23 31 20 26 44 31 856 30 20 37 26 22 33 30 33 24 20 27 20 31 29 20 32
internal_value=-4.36414e-11 0.00458819 0.152889 -0.00534255 -0.00119134 -0.000473904 -0.0775399 0.00240659 5.97441e-05 0.0678977 -0.0173157 -0.00360589 -0.00385209 -0.000944563 0.0807675 -0.00503017 -0.0719342 -0.177477 0.0103531 0.00127022 0.0661755 -0.00442878 0.0606662 -0.0885008 0.136166 -0.000449966 -0.00971604 -0.0129218 -0.0198151 -0.00736739
internal_weight=3041 1636 54 1405 1351 1582 57 1525 1502 77 46 1425 1325 1281 61 1220 105 46 59 1115 90 1025 77 44 60 1381 948 917 44 888
internal_count=3041 1636 54 1405 1351 1582 57 1525 1502 77 46 1425 1325 1281 61 1220 105 46 59 1115 90 1025 77 44 60 1381 948 917 44 888
is_linear=0
shrinkage=0.1


Tree=97
num_leaves=31
num_cat=0
split_feature=1 4 0 2 5 3 4 2 4 1 3 4 2 1 5 5 3 0 3 4 4 3 0 3 4 4 5 5 5 4
split_gain=7.14965 21.8976 31.8143 33.5015 27.8176 34.6643 52.6635 24.7079 22.2879 18.3335 26.8913 26.1396 17.1853 17.9016 14.7049 19.7891 28.8273 18.1362 69.9692 18.5976 13.7108 13.5776 12.6516 12.1912 17.725 16.3428 47.7867 69.9163 55.9373 37.8698
threshold=119.50000000000001 515.69999733228963 1552.0000000000002 294.50000000000006 12756357.302397793 13.500000000000002 141.69777075685434 417.50000000000006 353.27551252050262 127.43000000000002 59.500000000000007 236.75011993593048 181.50000000000003 92.250000000000014 1345941013.0697498 368321334.59963793 72.500000000000014 7599.5000000000009 561.50000000000011 2006.0470869618991 186.08532183537179 15.500000000000002 278.50000000000006 381.50000000000006 1620.6673986900321 1056.8505205878257 11933082.949965119 31331576.07873261 69833111.551881954 1218.5100009041746
decision_type=2 2 2 2 2 2 2 2 2 2 2 2 2 2 2 2 2 2 2 2 2 2 2 2 2 2 2 2 2 2
left_child=1 2 3 4 5 6 -1 -3 -4 10 11 22 13 21 15 17 -17 18 19 23 -15 -6 -2 24 25 -11 -27 -28 29 -29
right_child=9 7 8 -5 12 -7 -8 -9 -10 14 -12 -13 -14 20 -16 16 -18 -19 -20 -21 -22 -23 -24 -25 -26 26 27 28 -30 -31
leaf_value=-0.068724482816607979 -0.077577715781517342 0.15629423775133633 -0.14121687971055508 0.10674640483089858 -0.0068761756194048911 0.12299819834530355 0.11236704508415783 0.019089791583163401 0.0017187634110450746 0.0010839534155472519 0.043560033981446866 -0.13490796015701362 -0.099396772699681335 -0.087651171053157131 -0.081554833774200905 0.0027453212067484857 0.15578839879482986 0.074069148584385403 -0.18798007976263764 -0.072534631554569517 -0.00024004754071172918 0.10022539159283042 0.031172139359557111 0.067706756693897419 0.068797612592980673 0.1070108848437667 -0.17546619649252132 0.17119711004197599 -0.10076337333987742 -0.021073798161177409
leaf_weight=42 20 21 24 35 29 35 26 35 20 2194 27 36 26 34 22 32 20 32 20 35 38 20 23 27 37 20 36 20 34 21
leaf_count=42 20 21 24 35 29 35 26 35 20 2194 27 36 26 34 22 32 20 32 20 35 38 20 23 27 37 20 36 20 34 21
internal_value=-2.13024e-10 0.0127356 0.00289625 0.0151147 0.00228629 0.0421364 0.000516395 0.0705415 -0.0762461 -0.00184608 -0.0425959 -0.0720415 -0.0256359 -0.00978647 -0.000152168 0.000556241 0.061608 -0.000725945 -0.00170526 -0.000168338 -0.0415175 0.0368387 -0.0194092 0.000891863 0.000128102 -0.000964703 -0.0352758 -0.060913 -0.0059275 0.0727169
internal_weight=3041 385 329 285 250 103 68 56 44 2656 106 79 147 121 2550 2528 52 2476 2444 2424 72 49 43 2389 2362 2325 131 111 75 41
internal_count=3041 385 329 285 250 103 68 56 44 2656 106 79 147 121 2550 2528 52 2476 2444 2424 72 49 43 2389 2362 2325 131 111 75 41
is_linear=0
shrinkage=0.1


Tree=98
num_leaves=31
num_cat=0
split_feature=3 4 0 4 2 2 2 2 1 1 4 2 0 6 6 0 2 0 6 2 6 1 4 2 2 1 6 2 2 5
split_gain=7.69466 13.123 13.9428 10.9935 10.9561 16.5276 17.2982 13.8983 43.3095 79.0839 57.279 22.536 19.1812 28.59 16.5908 14.2338 46.1462 52.4966 56.6787 50.3856 117.529 41.4772 102.63 25.0627 50.1988 21.9913 20.2408 76.5117 87.4539 94.6343
threshold=698.00000000000011 3187.8125545118064 8153.5000000000009 2006.0470869618991 1666.0000000000002 1520.0000000000002 1385.5000000000002 931.50000000000011 144.42850000000001 211.50000000000003 624.56446228271204 899.00000000000011 3318.5000000000005 6.8881499614686303 13.961573974927161 3725.0000000000005 809.50000000000011 2493.0000000000005 8.5897244609334376 737.50000000000011 9.0614764569745034 184.50000000000003 906.5167608425387 699.00000000000011 678.50000000000011 199.50000000000003 19.253658481678752 167.50000000000003 303.50000000000006 108906929.34788731
decision_type=2 2 2 2 2 2 2 2 2 2 2 2 2 2 2 2 2 2 2 2 2 2 2 2 2 2 2 2 2 2
left_child=1 2 3 4 5 6 7 11 -9 10 -10 15 -11 -14 -15 16 19 -18 -19 23 -21 -17 -23 24 26 -25 -1 -28 -29 -30
right_child=-2 -3 -4 -5 -6 -7 -8 8 9 12 -12 -13 13 14 -16 21 17 18 -20 20 -22 22 -24 25 -26 -27 27 28 29 -31
leaf_value=0.0035112657940840615 0.057621184380158133 0.071711578845977786 -0.084257224090397362 -0.056195812049720975 0.054254099686403538 -0.091099541634321213 0.074417808766086266 0.094953247144818315 -0.22609055087421881 0.069587703636198331 -0.025419419288635253 0.095640222072601325 -0.1169792294840921 0.090007192543707801 -0.032188390210270888 0.13674700801614031 0.04356846113999685 -0.26624210448492142 -0.033906762089048116 0.20289577651355001 -0.099446841729804877 -0.17102695730599493 0.13108507472535838 -0.13229527131274896 0.13865364537789271 -0.00073548145592212684 0.015090248269487672 -0.14118411925367333 0.048061942299942914 -0.16245118505482017
leaf_weight=1906 23 25 20 35 37 20 31 25 33 33 25 25 22 20 25 29 21 21 21 36 20 22 23 27 26 24 268 88 81 29
leaf_count=1906 23 25 20 35 37 20 31 25 33 33 25 25 22 20 25 29 21 21 21 36 20 22 23 27 26 24 268 88 81 29
internal_value=2.39731e-11 -0.000439128 -0.00104179 -0.000481982 0.000181729 -0.000507922 0.000120969 -0.000687173 -0.0273462 -0.0466974 -0.139594 0.00114208 0.00718285 -0.0235539 0.0221208 0.000247884 -0.000998098 -0.0855268 -0.150074 0.00112777 0.0949163 0.0434868 -0.0166141 -0.00101684 0.000458459 -0.0703848 -0.00105633 -0.0197384 -0.0668801 -0.00743697
internal_weight=3041 3018 2993 2973 2938 2901 2881 2850 183 158 58 2667 100 67 45 2642 2568 63 42 2505 56 74 45 2449 2398 51 2372 466 198 110
internal_count=3041 3018 2993 2973 2938 2901 2881 2850 183 158 58 2667 100 67 45 2642 2568 63 42 2505 56 74 45 2449 2398 51 2372 466 198 110
is_linear=0
shrinkage=0.1


Tree=99
num_leaves=31
num_cat=0
split_feature=2 0 2 3 0 6 2 2 2 2 2 3 3 3 3 3 6 0 6 6 6 2 4 6 4 3 3 3 1 5
split_gain=7.41058 73.0055 94.4021 82.3037 44.6505 42.7761 41.0253 91.7373 91.8096 50.6984 35.6817 33.6395 46.1851 67.4362 47.6474 38.7805 76.9272 83.3705 71.0093 67.2252 86.3756 82.4628 59.019 52.2342 94.0673 236.988 74.8685 46.5324 42.7388 40.1441
threshold=577.50000000000011 2747.5000000000005 454.50000000000006 68.500000000000014 2472.0000000000005 10.254632355282427 555.50000000000011 538.50000000000011 515.50000000000011 503.50000000000006 593.50000000000011 12.500000000000002 33.500000000000007 40.500000000000007 21.500000000000004 81.500000000000014 3.4360416436448018 2684.5000000000005 19.727659687157935 4.5565631480302864 5.5976849815920531 678.50000000000011 1105.4880878228685 7.3001284330789504 739.81494101937403 127.50000000000001 105.50000000000001 113.50000000000001 204.50000000000003 45641141.210615538
decision_type=2 2 2 2 2 2 2 2 2 2 2 2 2 2 2 2 2 2 2 2 2 2 2 2 2 2 2 2 2 2
left_child=1 4 -3 -4 6 -6 7 8 9 -1 -2 -12 14 -14 -13 16 -15 -18 19 21 -21 -17 -20 -22 25 -25 -26 -23 -28 -19
right_child=10 2 3 -5 5 -7 -8 -9 -10 -11 11 12 13 15 -16 18 17 29 22 20 23 27 -24 24 26 -27 28 -29 -30 -31
leaf_value=0.00073590541546849448 -0.10420792548841723 0.25488583777959528 0.15356574594974517 -0.13332050306722523 0.0035286892950534819 -0.19854002716866406 0.10477487483601039 -0.20802632985370503 0.15604495539476998 -0.15926229834556582 -0.12840992712548802 -0.010730066988617183 -0.13978939484301453 -0.094359195584224342 0.14692994568769524 -0.13002068735659122 0.20115485888802342 0.077263619784098958 0.15104174187406899 -0.26692063666880134 0.058466669363347261 0.0027109057539039189 -0.0074163675961787245 0.041603414089448995 -0.17509217657472775 -0.33097281618730023 -0.048195109507214513 0.16240425786456547 0.092439462458516697 -0.041834396427991444
leaf_weight=2026 37 26 20 20 20 22 38 21 38 20 21 36 37 36 41 24 36 67 40 20 37 36 57 31 23 38 40 37 47 49
leaf_count=2026 37 26 20 20 20 22 38 21 38 20 21 36 37 36 41 24 36 67 40 20 37 36 57 31 23 38 40 37 47 49
internal_value=-1.98519e-10 0.00292445 0.106544 0.0101226 -0.000205496 -0.102317 0.00179575 -6.32524e-05 0.00203234 -0.000828104 -0.00833282 -0.00362183 -4.18412e-05 -0.00865416 0.0732188 -0.000803019 0.037082 0.0682128 -0.0173667 -0.0392992 -0.0681046 0.0307841 0.0579272 -0.0496957 -0.0720532 -0.163583 -0.0146388 0.0836514 0.0277799 0.026955
internal_weight=3041 2251 66 40 2185 42 2143 2105 2084 2046 790 753 732 655 77 618 188 152 430 333 236 97 97 216 179 69 110 73 87 116
internal_count=3041 2251 66 40 2185 42 2143 2105 2084 2046 790 753 732 655 77 618 188 152 430 333 236 97 97 216 179 69 110 73 87 116
is_linear=0
shrinkage=0.1


end of trees

feature_importances:
speed_change_count=528
bpm=505
twirl_count=474
s_norm=433
tilecount=398
rt_score=368
p_var=294

parameters:
[boosting: gbdt]
[objective: regression]
[metric: rmse]
[tree_learner: serial]
[device_type: cpu]
[data_sample_strategy: bagging]
[data: ]
[valid: ]
[num_iterations: 100]
[learning_rate: 0.1]
[num_leaves: 31]
[num_threads: 0]
[seed: 0]
[deterministic: 0]
[force_col_wise: 0]
[force_row_wise: 0]
[histogram_pool_size: -1]
[max_depth: -1]
[min_data_in_leaf: 20]
[min_sum_hessian_in_leaf: 0.001]
[bagging_fraction: 1]
[pos_bagging_fraction: 1]
[neg_bagging_fraction: 1]
[bagging_freq: 0]
[bagging_seed: 3]
[bagging_by_query: 0]
[feature_fraction: 1]
[feature_fraction_bynode: 1]
[feature_fraction_seed: 2]
[extra_trees: 0]
[extra_seed: 6]
[early_stopping_round: 0]
[early_stopping_min_delta: 0]
[first_metric_only: 0]
[max_delta_step: 0]
[lambda_l1: 0]
[lambda_l2: 0]
[linear_lambda: 0]
[min_gain_to_split: 0]
[drop_rate: 0.1]
[max_drop: 50]
[skip_drop: 0.5]
[xgboost_dart_mode: 0]
[uniform_drop: 0]
[drop_seed: 4]
[top_rate: 0.2]
[other_rate: 0.1]
[min_data_per_group: 100]
[max_cat_threshold: 32]
[cat_l2: 10]
[cat_smooth: 10]
[max_cat_to_onehot: 4]
[top_k: 20]
[monotone_constraints: ]
[monotone_constraints_method: basic]
[monotone_penalty: 0]
[feature_contri: ]
[forcedsplits_filename: ]
[refit_decay_rate: 0.9]
[cegb_tradeoff: 1]
[cegb_penalty_split: 0]
[cegb_penalty_feature_lazy: ]
[cegb_penalty_feature_coupled: ]
[path_smooth: 0]
[interaction_constraints: ]
[verbosity: 1]
[saved_feature_importance_type: 0]
[use_quantized_grad: 0]
[num_grad_quant_bins: 4]
[quant_train_renew_leaf: 0]
[stochastic_rounding: 1]
[linear_tree: 0]
[max_bin: 255]
[max_bin_by_feature: ]
[min_data_in_bin: 3]
[bin_construct_sample_cnt: 200000]
[data_random_seed: 1]
[is_enable_sparse: 1]
[enable_bundle: 1]
[use_missing: 1]
[zero_as_missing: 0]
[feature_pre_filter: 1]
[pre_partition: 0]
[two_round: 0]
[header: 0]
[label_column: ]
[weight_column: ]
[group_column: ]
[ignore_column: ]
[categorical_feature: ]
[forcedbins_filename: ]
[precise_float_parser: 0]
[parser_config_file: ]
[objective_seed: 5]
[num_class: 1]
[is_unbalance: 0]
[scale_pos_weight: 1]
[sigmoid: 1]
[boost_from_average: 1]
[reg_sqrt: 0]
[alpha: 0.9]
[fair_c: 1]
[poisson_max_delta_step: 0.7]
[tweedie_variance_power: 1.5]
[lambdarank_truncation_level: 30]
[lambdarank_norm: 1]
[label_gain: ]
[lambdarank_position_bias_regularization: 0]
[eval_at: ]
[multi_error_top_k: 1]
[auc_mu_weights: ]
[num_machines: 1]
[local_listen_port: 12400]
[time_out: 120]
[machine_list_filename: ]
[machines: ]
[gpu_platform_id: -1]
[gpu_device_id: -1]
[gpu_device_id_list: ]
[gpu_use_dp: 0]
[num_gpu: 1]

end of parameters

pandas_categorical:[]
